pak	blend_modes(mode:count)	opaque_decls	script_dynamic	tint	channel
2nenBgumi Gikotaku Seinsei Gaiden	-	2	0	0	0
A Saga de Ryu	-	0	0	0	0
A Tale of Vengeance	1:2,2:5	0	0	0	0
AA Shadow Gaiden	-	39	0	0	0
Adventure of Nick & Dum-Dum, The	-	0	0	0	0
Airgallet Fighters Wing	5:2	0	0	0	0
Alien vs Predator Aftermath	-	0	0	0	0
Aliens Clash	1:11,6:5	2	0	8	0
Arcaders - The Beat 'Em Up	-1:1,6:2	0	0	0	0
Armored Stronghold	6:2	0	0	0	0
Armored Warriors Cyberbots	-	0	0	0	0
Art Of Figting - Trouble In South Town	-1:5,1:764,2:77,3:42,4:41,5:22,6:12	1655	0	262	0
Art of Fighting - Beats of Rage Remix III	-1:28,1:24,2:5,3:2,4:3,5:1	0	0	0	0
Asterix and Caesars Challenge	-	0	0	0	0
Avengers - United Battle Force	1:2,3:1,6:9	159	0	91	0
Bad Ass Babes Episode One	1:30,5:10,6:5	6	0	92	0
Bad School Girls	1:133,2:2,5:11,6:216	105	0	0	0
Balance of Power	1:8	15	0	0	0
Bare Knuckle - The Next Generation	-	0	0	0	0
Bare Knuckle 6 - Turn The Tide	1:69,2:2,3:2,4:5,5:4,6:14	38	0	0	0
Bare Knuckle VACUUM	1:28,3:1,5:4	30	0	0	0
Barshen Bash	-	0	0	122	0
Barshen Below	-	0	0	34	0
Barshen Border	-	0	0	19	0
Barshen Breakout	-	0	0	31	0
Batman - Savage Dawn	-1:1,6:2	0	0	0	0
Batman Gotham Knights	-	0	0	0	0
Batman Vs. The Teenage Mutant Ninja Turtles	-	0	0	0	0
Battle Arena Toshinden Origin	-1:27,1:20	15	0	0	0
BattleManiacs Bare Knuckle	1:26,2:2,3:1,5:8	0	0	0	0
Battletoads & Double Dragon IV - The Return of the Dark Forces	1:2	4	0	0	0
Battletoads Double Dragon - The T-Bird Mission	1:1	0	0	0	0
Battletoads	1:1	0	0	0	0
Bearz	1:9,6:3	0	0	61	0
Beast and Blanka in the Violent World	-	0	0	0	0
Beat 'Em Up  Ultimate Alliance	-1:1690,1:81,2:9,3:1,4:6,5:2,6:85	0	0	2038	0
Beats Of Rage Xtra	-	0	0	0	0
Beats of Rage - Alliance Super Sayan	-	0	0	0	0
Beats of Rage Remix - Ladies Edition	1:7	0	0	0	0
Beats of Rage Remix - Rhythm of Destruction	-	0	0	0	0
Beats of Rage	-	0	0	0	0
Bird Bunch	2:1,6:2	0	0	62	0
Bishojo Dimensional Chaos	1:25,2:5,3:2,4:2,5:1	0	0	0	0
Bleach	-	0	0	0	0
Blue Bullet Bintang	-	0	0	3	0
Bombeiro Mascarado - Herois Das Ruas	5:2	0	0	0	0
Braller	-	0	0	13	0
Briga de Rua 2 - Vanessa	1:94,2:2,6:1	2	0	0	0
Briga de Rua 3 - Killer Instinct	1:220,6:9	29	1	0	0
Briga de Rua	1:97,2:3,6:1	2	0	0	0
BroomStickBot	-	0	0	13	0
Bruce Lee - Revenge of the Dragon	-1:7,1:33,2:6,3:2,4:2,5:1,6:6	0	0	0	0
Burn Kingdom	-	0	0	0	0
Burning Fox, The	1:83,2:5,3:4,4:1,6:6	1290	2	0	0
Cadillacs & Dinosaurs Warriors	-	0	0	0	0
Capcom Pocket Brawl [Beta]	1:11	1	0	0	0
Captain Commando and the Avengers	1:6	15	0	0	0
CastleVania Pulse Of Animosity	1:2,6:2	0	0	0	0
Castlevania - Symphony of Destruction	-	0	0	0	0
Castlevania Dracula LCD Chronicles Deluxe Edition	1:2,6:1	127	0	0	0
Castlevania Legacy of Dracula	-	0	0	0	0
Castlevania Moonlight Nocturine	3:1	0	0	0	0
Chaotix Rage	-	79	0	0	0
Chaves Streets	-	0	0	0	0
Cherry On Top	1:1,2:1,6:2	0	0	0	0
Chrono Killer	-	0	0	0	0
City of Heroes	-	0	0	0	0
City of Kaos, The	6:1	0	0	0	0
ClaFan - Classic Fantasy Advanced [Alpha Demo]	-1:156,1:4,4:1	0	0	0	0
ClaFan - Classic Fantasy	1:7,6:1	0	0	0	0
Code Name - Sailor V	1:10,2:1,3:2,5:5,6:4	0	0	0	0
Coin Champion	-	0	0	0	0
Contra - Locked 'N Loaded	1:32,6:3	81	0	0	0
Cosmic Damage	-1:165	0	0	0	0
Cowboys Unison	-1:2,6:2	0	0	0	0
Crime Buster	1:1	0	0	0	0
Crisis Evil - Countdown to Oblivion	-	0	0	0	0
Crisis Evil 2 Remake	-	0	0	0	0
Crisis Evil 3 - Santiago Infected	-	0	0	0	0
Crisis Evil 4 - The Night Slashers [Beta]	-1:36,1:5,2:1,5:12,6:11	210	0	0	0
Crisis Evil Bootleg - Resident Evil 2	-1:141,1:11,3:3,4:9,5:1	0	0	0	0
Crisis Evil Remake	-	0	0	0	0
Cyber Robot	-	0	0	2	0
Dante Must Kill	-	0	0	0	0
Darkstalkers	-1:5,1:7,2:1,5:4,6:6	959	0	0	0
Demon's Hand [Demo]	-1:152,1:1,2:1,5:3	0	0	0	0
Denjin Makai Zero	1:3	3	0	0	0
Dojo Crasher	-	0	0	0	0
Doom Ultra-Violence	-	0	0	0	0
Double Dragon - Unleashed	1:10	13	0	0	0
Double Dragon - Zhao Yun	-1:30,1:140,6:2	59	0	38	0
Double Dragon 3 - The Rosetta Stone	-	0	0	0	0
Double Dragon 4	-1:587,1:10,6:2	21	0	0	0
Double Dragon Bangaihen	-	17	0	0	0
Double Dragon Evil Forces Expand	1:3,6:24	1	0	0	0
Double Dragon Extreme	-	0	0	0	0
Double Dragon Gaiden	1:6	0	0	0	0
Double Dragon Genesis	-	0	0	0	0
Double Dragon Gold	-	0	0	0	0
Double Dragon III - Rosetta Stone Remake	-	0	0	0	0
Double Dragon Reloaded Alternate	1:2,6:59	1	0	0	0
Double Dragon Remix	-1:8,1:1,6:32	0	3	0	0
Double Dragon Renegade	-	0	0	0	0
Double Dragon Revival	1:2,6:37	1	0	0	0
Double Dragon Revolution 2	-	0	0	0	0
Double Dragon Revolution	-	0	0	0	0
Double Dragon SNK Final Edition	6:1	1	0	0	0
Double Dragon Zero	-1:1,1:3	0	0	0	0
Dragon Ball Z - Attack of Saiyans	-1:1,1:614,2:55,3:29,4:30,5:25,6:321	196	0	17	0
Dragon Ball Z Gold	-	0	0	0	0
Dragon Ball Z Tournament	1:14,4:2,5:10	0	0	180	0
Dragon Ball	-	0	0	0	0
Dragons of Rage EX	-1:117,1:3	42	0	0	0
Dungeons & Dragons - Knights & Dragons Final Cut	1:1,6:2	7573	0	0	0
Dungeons & Dragons - Knights & Dragons The Endless Quest	1:1,6:2	7573	0	0	0
Dungeons & Dragons - Rise Of Warduke	-1:9,1:40,2:5,3:4,4:3,5:7,6:11	675	0	0	0
Dungeons & Dragons - The Animated Series	1:2,2:2,3:18,4:2,6:40,7:3	27	0	0	0
Dynamic Edge	1:4,5:1	0	0	0	0
Dynasty Assassin	1:1,2:1	213	0	0	0
Ed Edd n Eddy - Nightmare on Ed Street	-	0	0	0	0
Eerie Erratic Expedition	-	0	0	3	0
Egi The Egg	-	0	0	0	0
EightMan	1:12,5:6	0	0	0	0
Einbein - Einvines Weekday	-	17	0	0	0
El Chapulin Colorado	6:22	0	0	0	0
Elfen Lied	-	0	0	0	0
Escape From Cartoon Hell	1:32	35	0	0	0
Escape From Guha	2:1,4:1,6:9	0	0	0	0
Escape of the Ages	1:36,2:7,3:3,4:2,5:2,6:9	26	0	0	0
Eternal Champions - The Thin Strings of Fate	1:157,6:21	28	0	0	0
Evil Dead 2	1:1,4:4	0	0	0	0
Evil Dead	1:7,4:4,6:11	3	0	9	0
Evil Splatter	1:1,4:4	0	0	0	0
Faderhead's Fist Full of Fuck You	-	392	0	0	0
Fatal Fury Final	1:1,3:2,6:1	64	0	0	0
Fatal Fury ReBout	-	0	0	0	0
Fatal fury Rebout 2	2:1	0	0	0	0
Fearless Warriors, The	-	0	0	0	0
Fighters Rage 3 (Napalm Hack)	-	0	0	0	0
Fighting Street	1:1	85	0	0	0
Final Double Dragon	1:23,2:2	0	0	0	0
Final Fantasy 1	-	0	0	0	0
Final Fantasy 7 Advance	-	0	0	0	0
Final Fight & Cadillacs 2	-1:1437,1:108,2:4,3:2,5:2,6:54	9	3	0	0
Final Fight - Heroes	1:2,5:1,6:3	41	0	0	0
Final Fight - Last Round	-	0	0	0	0
Final Fight - Revival of Rage	5:7,6:112	14	1	0	0
Final Fight Alpha	1:2,5:1,6:3	33	0	0	0
Final Fight And Cadillacs	-1:435,1:96,2:1,5:2,6:34	6	3	2	0
Final Fight Apocalypse - 1st Edition	-	0	0	0	0
Final Fight Apocalypse - 2nd Edition	1:1	0	0	0	0
Final Fight Boss	-	0	0	0	0
Final Fight DC Alteration	1:1,6:1	0	0	0	0
Final Fight Gold Champion Edition	-	0	0	0	0
Final Fight Luta	-	0	0	0	0
Final Fight PC - SNES Version	-	0	0	0	0
Final Fight Special Edition	-	0	0	0	0
Final Fight Vs The King of Fighters	-	0	0	0	0
Final Rage Chaos	-	0	0	0	0
Final fight X	-	0	0	0	0
Fire Emblem - Castle Defense	-	0	0	0	0
Fire Hearts	6:28	0	3	0	0
Fire Leaf Water	2:1,6:1	0	0	0	0
First Fight	-	0	0	0	0
Fists of Legendary Heroes	1:19,5:2	0	0	0	0
Fruits Frenzy	-	0	0	0	0
Fruits Survivors	1:1	0	0	98	0
GG' Girls	-1:2,1:2,5:1	3	1	0	0
GI Joe - Attack On Cobra Island	-1:7,1:10,2:4,4:2,5:12,6:14	14	0	0	0
Garou - Rage of the Wolves	-1:21,1:27,2:5,3:2,4:3,5:1	0	0	0	0
Ghouls 'N Ghosts Returns	-	0	0	0	0
Girls Special II, The	-	0	1	0	0
Girls Special III, The	-1:1,1:1,6:1	2	1	0	0
Girls Special, The	-	0	0	0	0
Go Bat	-	0	0	21	0
God Of War - Ragnarok	6:3	2	0	0	0
God of War	1:44,2:5,3:2,4:4,5:42,6:12	0	0	0	0
Godzilla - Ultraman - Gamera! All Out Monster War!	3:1	13	0	0	0
Golden Axe Curse of Death Adder	1:2,2:2,5:1,6:8	1	0	0	0
Golden Axe Genesis	1:5	0	0	0	0
Golden Axe Legend	6:1	0	0	0	0
Golden Axe Myth	1:74,3:4,6:1	0	0	0	0
Golden Axe Remake - Special Edition	-1:12,2:1	0	0	0	0
Golden Axe Returns	1:5,3:2,6:16	4	0	0	0
Guardian Heroes Warpath	6:1	0	0	0	0
Guardians of the Hood II	-1:840,1:61,2:2,3:4,5:4,6:95	29	4	0	0
Guardians of the Requiem - The Warriors of God	6:1	0	0	0	0
Gudule - Fist in ya Face!	-1:246,6:2	0	0	0	0
Gudule	-1:154	0	0	0	0
Guilty Gear - The Crusades	-	0	0	0	0
Gunman	-	0	0	0	0
Gunslingers Unison	-1:1,6:8	0	0	0	0
Gunstar Heroes Z	-1:8	0	0	0	0
Halloween - The Wrath of Michael Myers	-1:1,1:8,2:5,3:2,4:1,5:11,6:9	6	0	0	0
Happy Heart	-	0	0	0	0
Hatchet Ninjaz	-	0	0	0	0
He-Man and the Masters of the Universe	1:31,5:1,6:21	0	0	571	0
Head Hunters	5:2	0	0	0	0
Heaven's Anime Girls	-	0	0	0	0
Hentai City	3:1	0	0	0	0
Hiryu No Ken [Demo]	1:23	0	1	0	0
Hokuto no Ken Fury Road	1:15,3:2	1	0	0	0
Honeybee Harvest	-	0	0	0	0
Hulk vs. Streets of Rage	-	0	0	0	0
Hyper Final Fight 1	-	0	0	0	0
Hyper Final Fight 2	-	0	0	0	0
Hyper Final Fight 3 - Return of the Black	1:3	1	0	0	0
Ikari Warriors 2010 + Mutation Nation	1:1,2:1,4:1,6:3	25	0	0	0
Immortal Monster	-	0	0	0	0
Infinity Beat 'Em Up	-1:1,6:32	0	3	0	0
Jaspion	1:11,2:3,6:10	0	0	0	0
Joe and Mac - Caveman Ninja	-	0	0	0	0
Joker	-	0	0	0	0
Justice League Legacy	-1:1,1:24,2:13,3:21,4:1,5:22,6:71	348	0	0	0
Justice League United	1:24,2:12,3:6,5:14,6:47	202	0	0	0
Kill Bill - Volume 1	-	0	0	0	0
Kill Ryu 1	-	0	0	0	0
Kill Ryu 2	-	0	0	0	0
Kill Ryu Turbo	-	0	0	0	0
King of Fighters Zillion, The  - Another Road	-1:16,1:118,6:2	0	6	53	0
King of Fighters, The - Beat 'Em Up Plus	-1:104	0	0	0	0
Kingdom Hearts	-1:30	0	0	0	0
Kirby Blast	-	0	0	0	0
Konpaku	-	0	0	0	0
Kung Fu Masters and the Wrath of the Gods	-	0	0	0	0
Kunio-Kun Renegade L A Remaster	-	60	1	27	0
Ladies of Rage	-	0	0	0	0
Langit Lands	-	0	0	120	0
Last Life	-	0	0	0	0
Legend of Korr - Path of Destruction	1:7,6:2	5922	0	0	0
Legend of the Double Dragon	1:89,2:1,3:2,5:4,6:333	235	1	0	0
Lift	-	0	0	0	0
Lunar	-	0	0	0	0
Lust Rush	1:61,2:1,3:4,6:786	37	1	122	0
M@skaku, The - Wonder Momo '09	2:1	0	0	0	0
Maplevania	-	0	0	0	0
Martial Masters - New Legend	1:3,2:1,6:6	1	0	0	0
Marvel - Infinity War	1:122,2:33,3:152,4:24,5:52,6:86	5002	0	0	0
Marvel First Alliance 2	1:24,2:17,3:38,5:19,6:32	1609	0	0	0
Marvel First Alliance	1:1,2:2,3:1,4:1,5:1,6:28	373	0	0	0
Marvel Super Heroes Infinity Adventure	1:61,2:1,6:1	0	3	0	0
Marvel Super Heroes	-	0	0	0	0
Marvel War of the Gems	-1:8,1:53,6:81	173	0	0	0
Marvel vs Capcom	1:1,5:3,6:2	0	0	0	0
Masters Of The Universe - Eternian Battle	1:1,4:6,5:8	21	0	0	0
Masters of the Universe	1:6,2:1,6:6	0	0	0	0
Maximun Carnage Returns	1:1,3:1	4	0	0	0
Mega Sonic	-	0	0	0	0
Mega-Boy Into the Mega World	1:10,3:20,4:2,6:24	0	0	0	0
MegaMan - War of the Past	-	0	0	0	0
MegaMan - Xtreme Legend	-	0	0	0	0
MegaMan Armada	-	0	0	0	0
Melty Blood Stimulate	-	0	0	0	0
Memory Loss	1:3,2:2,6:1	4	0	0	0
Metal Gear Origin	-1:38,1:1	2	0	0	0
Metal Slug Beat Em Up	1:6,6:1,10:1	0	2	0	0
Mighty Final Fight 3	1:7	18	0	0	0
Mighty Final Fight Forever	1:2,2:1,3:1,4:1	2	0	0	0
Mighty Final Fight X	1:7	14	0	0	0
Minetroid	-	0	0	0	0
Mobile Suit Zeta Gundam	-1:1	0	0	0	0
Monster Girl Dimensions	1:57,6:16	4	0	82	0
Monster Jam [Demo]	1:23,2:1,3:1,4:1,5:2,6:5	0	0	0	0
Mortal Kombat - The Chosen One	1:386,6:13	57	1	0	0
Mortal Kombat Outworld Assassins	1:715,6:3	698	0	0	0
Mortal Kombat Unlimited	-	0	0	0	0
Moscow RE-Action	1:5,4:1,6:10	0	0	0	0
Naruto	-	0	0	0	0
Nelsoncomica	-	0	0	0	0
Neon Lightning Force	-	0	0	0	0
Never Ending Story	-	0	0	0	0
Night Slashers X	1:6,2:2,4:1,5:13,6:15	210	0	0	0
Nightmare on Elm Street - Dreams of Rage	6:151	8	2	0	0
Ninja - Stealth Assassins	1:60,2:2,6:2	3	0	3	0
Ninja Jiraya	-	0	0	0	0
Ninja Warriors vs Marvel	-	0	0	0	0
Ogres Mayhem	1:101,2:2,3:2,4:1,5:1,6:6	31	0	18	0
One Piece - Grand Line Bout	6:1	0	0	0	0
Overload	1:3,4:1,6:3,50:1	0	0	0	0
POW 2010	1:1,4:1,6:1	11	0	0	0
POW Remake	1:1	4	0	0	0
Pafman [Demo]	-	0	0	0	0
Panda Warriors	-	0	0	0	0
Pestilaence - The New Plague	1:5,3:1,4:1,6:2	1	0	0	0
Pew Pew Dadu	-	0	0	39	0
Phantasy Star II + IV [Demo]	-	0	0	0	0
Phantasy Star Online	-	0	0	0	0
Plump on the Stump	1:2	0	0	70	0
Pocket Dimensional Clash 2	-1:123,6:2	189	2	496	0
Pocket Ladies Gang War	1:1,6:1	0	0	0	0
Pokemon - Red Blue Yellow	1:1	0	0	0	0
Pokemon Rumble 2D	-1:32	6	0	0	0
Poppy Playtime Brawl [Demo]	-1:188,1:1,6:2	0	0	1	0
Porkchop 'n Flatscreen	6:1	16	0	0	0
Power Rangers - Beats of Power Special Edition	1:10,2:3,6:10	0	0	0	0
Pretty Soldier Sailor Moon - R Plus	-	0	0	0	0
Project FGC	1:55,4:1,6:2	4	1	0	0
Project Moon [Demo]	3:1,6:46	0	0	0	0
Project R	-	0	0	0	0
Punisher, The and Nick Fury	-	0	0	0	0
Puzzle Puss	1:3	0	0	15	0
Quack Ninja	-1:53,1:12,3:1	0	0	0	0
Rael - The Redemption	-	0	0	0	0
Rage Force Briga De Rua	-1:74,1:178,6:1	0	3	64	0
Rage of the Streets	-1:2,6:1	0	0	0	0
Raider & Reaper	1:1	0	0	7	0
Raiders Rush	-	0	0	336	0
Rainbow	1:38,6:3	0	0	0	0
Real Bout Pro Wrestling	1:451,2:56,3:39,4:35,5:16,6:9	155	1	32	0
Recca Soldiers - Advance Wars	-1:1,6:2	0	0	0	0
Red Cyclone Zangief	1:3,5:3	1726	0	0	0
Red Earth	1:1,2:2,5:1,6:7	1	0	0	0
Rescue Command - Against the Amazon Girls	-1:14,1:190,2:2,4:4,5:11,6:74	39	0	12	0
Rescue Command Ep. 1 - Escaping from Bad Girls Island	-1:11,1:161,2:2,5:11,6:165	102	0	4	0
Rescue Command Ep. 2 Attack on Amazon Island	-1:14,1:203,2:3,4:4,5:13,6:40	50	0	6	0
Resident Evil Survive	1:2	0	0	0	0
Retro Gamer Adventure	1:10,2:12,4:1,5:14,6:13	20	0	0	0
Return of Double Dragon	1:10	13	0	0	0
Return of Kyo, The	1:10	0	0	0	0
Rhythm of Destruction 2 - Blue Edition	-	0	0	0	0
Rhythm of Destruction 2 - Green Edition	-	0	0	0	0
Rhythm of Destruction 2 - Red Edition	-	0	0	0	0
River City Ransom Zero	1:2,6:4	11	0	0	0
Robo Magi	-	0	0	0	0
Robz Rush	-	0	0	379	0
Rocket Viper 2	1:51,5:1	0	0	0	0
Rocket Viper	1:17,2:1,5:2	0	0	0	0
Rocko's Modern Life	5:1,6:27	0	0	22	0
Roy Streets	-	0	0	0	0
Ruins of the Deep	-	0	0	51	0
Rushing Beat	6:3	0	0	0	0
Ryuko No Ken Nekketsu	1:2,2:1,6:1	9	0	0	0
S.C.U. - Special Criminal Unit	-	0	0	0	0
Sailor Moon - Alternate Story Return Of The Clones	1:1,2:1,5:2,6:1	0	0	0	0
Sailor Moon Arcade	1:4,4:1	0	0	0	0
Sailor Moon	-	0	0	0	0
Sailormoon Alternate Story Clone Attack	1:1,6:1	0	0	0	0
Saint Seiya - Death & Rebirth	1:1,6:1	0	0	0	0
Samurai Warriors	1:129,5:11,6:27	6	0	0	0
Scorer Horror	-	0	0	0	0
Search for Athena, The	-	0	0	0	0
Secrets of the Deep	2:1	0	0	23	0
Sega Brawlers Megamix	-1:2890,1:10,2:1,4:2,5:12,6:2	318	0	0	0
Shadows of Death	1:2,6:72	0	1	12	0
Shiva & Lisa 2	1:2,2:1,3:2,5:5,6:2	0	0	0	0
Shiva & Lisa 3	1:5,2:3,3:2,5:5,6:4	0	0	0	0
Shiva & Lisa	1:1,2:1,3:1,5:1	0	0	0	0
Shock Troopers - The Living Daylights	5:1	0	0	0	0
Shodown Revenge	-	0	0	0	0
Silver Night's Crusaders	1:6,2:2,3:2,6:5	0	0	0	0
Simpsons, The - Treehouse of Horror	1:27,2:4,4:4,5:1	6	0	47	0
Skull Kingz Remake	1:3,2:1,3:2	3	0	0	0
Snail N Turtle	1:1,4:1,5:1,6:26	0	0	16	0
Snestalgia	1:10,2:12,5:14,6:10	17	0	0	0
Sonic Adventure - Revolution	-1:448,1:4,2:2,3:1,4:1,5:10,6:5	1007	0	0	0
Sonic Defense	-1:28,1:53,5:4,6:18	291	0	0	0
Sonic SatAM Liberations	1:1	0	0	0	0
Sonic Super Jam	-1:371,1:152,4:2,5:15,6:25	499	0	0	0
SonicX Battle	-	0	0	0	0
Sonics Splatterhouse	1:8,3:1,5:2,6:4	1	5	0	0
Soul Edge II	-1:7,1:16	40	0	0	0
Spawn - The Crusade Across Time	-	1	1	0	0
Special Squadron Cyberman	-	0	0	0	0
Splatterhouse - Back from the Dead	-1:19	1	0	0	0
Splatterhouse - Deception of the Mask	-	13	0	0	0
Splatterhouse - Eternal Nightmare	-	12	0	0	0
Splatterhouse 2 - Journey Through Hell	-	3	0	0	0
Splatterhouse 3 - Back to Light	-	6	0	0	0
Stains of Deception	-	0	0	0	0
Steampunk Raiders	-	0	0	0	0
Steins Gate D!	-	0	0	0	0
Street Fighter '89 - The Final Fight [Demo]	-1:6,1:1,2:4,6:17	0	1	221	0
Street Fighter - Beats of Rage Remix II	-	0	0	0	0
Street Fighter II Champion Edition	-1:72,6:1	4	0	0	0
Street Fighter Legends	-	0	0	0	0
Street Fighter Rage World Olympic Tour	-	0	0	0	0
Street Fighter Taiwan	-	0	0	0	0
Street Fighter Ultimate Collection	-1:68,1:1,5:3,6:4	369	0	0	0
Street Fighter Victory	-	0	0	0	0
Street Fighter Vs. The King of Fighters	1:30,2:3,3:2,4:6,5:5,6:7	0	0	22	0
Street Fury	-	0	0	0	0
Street Knightz	-	0	0	0	0
Streets Of Rage Z - Return Of The Hero	1:68,2:4,3:5,4:5,5:5,6:7	37	0	0	0
Streets Of Russia	-1:4,1:7,2:1,4:1,5:5,6:4	0	0	0	0
Streets of Fighting - Final Edition	-	0	0	0	0
Streets of Rage - Silent Hill	1:19,2:1,3:1,5:3,6:3	0	0	0	0
Streets of Rage 2X	1:58,2:8,3:2,4:3,5:3,6:264	0	0	863	0
Streets of Rage 4 - Silent Storm [Demo]	1:9	31	0	0	0
Streets of Rage Furia Massiva	-1:2,1:11,2:1,3:2,5:5,6:1	9	0	0	0
Streets of Rage Legacy	1:60,3:4,6:157	1	3	2101	0
Streets of Rage X2 Megamix	1:82,3:6,4:1,5:3,6:236	1	0	1798	0
Streets of Rage XXX	1:18,2:5,3:3,4:3,5:17,6:22	0	0	0	0
Streets of Rage Z 2	1:69,2:4,3:5,4:5,5:5,6:7	37	0	0	0
Streets of Rage Zombies	-1:6,1:35,3:1,4:1,5:5,6:12	39	0	20	0
Streets of Vendetta - Cracoland War	-1:21,1:80,6:4	0	6	6	0
Strider X	-	0	0	0	0
Supah! Princess Defender	1:4,6:2	0	0	0	0
Super Fightin' Spirit	6:1	4	0	0	0
Super Final Fight Gold Plus LNS	6:1	0	1	0	0
Super Final Fight Gold	-	0	0	0	0
Super Karate Kid	1:18,2:12,6:32	3	0	1	0
Super Mario Brawl	1:1	5	0	0	0
Super Street Fighter II Turbo HD Remix	-	0	0	0	0
Super Thundercats - The Lost Eye of Thundera	1:24,2:11,6:2	0	0	1	0
Super Universe Brawl	-1:275,1:11,2:1,4:7,5:5,6:4	116	0	0	0
Symphonia Battalion - Well Fight Together	6:136	0	0	0	0
Tabib	-	0	0	0	0
Tanks Vs Tanks	6:1	0	0	118	0
Target Renegade [Demo]	-	0	0	0	0
Teenage Mutant Ninja Turtles - 8-Bit	-	0	0	0	0
Teenage Mutant Ninja Turtles - Fall of the Foot Clan DX [Demo]	1:1,4:1,6:7	0	0	0	0
Teenage Mutant Ninja Turtles - Lost in Space	-	0	0	0	0
Teenage Mutant Ninja Turtles - Recolored & Extended	1:1,3:1,4:2,5:7,6:8	25	0	0	0
Teenage Mutant Ninja Turtles - Red Sky Battle	1:1,5:7	0	0	0	0
Teenage Mutant Ninja Turtles - Rescue Palooza!	1:13,2:8,3:2,5:1,6:67	16	0	1764	0
Teenage Mutant Ninja Turtles - Shell Shocked	1:4,2:2,6:16	5966	11	0	0
Teenage Mutant Ninja Turtles III The Manhattan Project	-	0	0	0	0
Teenage Mutant Ninja Turtles and Battletoads	1:2,6:55	0	0	0	0
Teenage Mutant Ninja Turtles	1:4,2:10,4:1,5:4,6:2	0	0	0	0
Tekken - The Devils Rage	1:5,2:35,6:5	1	0	22	0
The Beast Within - Divine Comedy	1:3,2:3,3:5,4:4,5:1,6:34	18	0	0	0
The Suffering In Me [Beta Demo]	1:4,6:4,7:1	2	1	10	0
Tides Before the Tragedy	1:5,2:3,3:4,4:1,5:5,6:6	6	0	0	0
Time Crisis - Side Scroller [Demo]	-	0	0	0	0
Touhou Madness Wrath	1:1	0	0	0	0
Touhou Shooter	-	0	1	0	0
Turrican vs Terminator	-	0	0	0	0
Ultimate Double Dragon	-1:15,1:132,2:25,3:19,4:15,5:66,6:1981,12:6	263	1	0	0
Ultimate Super Mega Beatdown	1:25,5:3,6:3	0	0	0	0
Unnamed Project	-	0	0	0	0
Urban Lockdown	1:8,4:3,5:8	0	0	112	0
Valdivia City Ransom	-	7	0	0	0
Vampire Hunters	1:13,2:1,5:4,6:16	2	0	0	0
Vampire Rage Hide	1:2	0	0	0	0
Vengeance of Kyo, The	-	0	0	0	0
Vermilion Sword - The Legend Of Calibur	1:38,2:5,3:2,4:4,5:45,6:12	0	0	0	0
Village of Rage	-	0	0	0	0
Warrior Frenzy	-	0	0	0	0
Warslayers - Land of Sinners	-	2	0	0	0
Way of Martial Arts	-	0	0	72	0
Women's War	1:399,5:1,6:13	5	0	0	210
World Heroes Supreme Justice Extra	1:2	329	0	0	0
X-Men - Guerra dos Clones	1:1,6:5	0	0	0	0
X-Men Hunter for Mutants	1:3,5:1	0	0	0	0
X-Men Vs. Street Fighter	-	0	0	0	0
X-Men	-	0	0	0	0
Xelam	2:1	0	0	1	0
XuanYuan Sword	-1:1,1:13	0	1	0	0
Yu Yu Hakusho Dark Tournament	1:3,4:1,6:27	5	0	3	0
Yu-Gi-Oh! - Duels Alive	1:1,6:1	0	0	0	0
