#levels	sections	uncapped	maxcap	medcap	spawns	maxburst	pak
59	330	0	20	2	2399	97	Teenage Mutant Ninja Turtles - Rescue Palooza!.pak
57	138	0	4	3	919	30	2nenBgumi Gikotaku Seinsei Gaiden.pak
9	32	0	7	4	170	33	A Saga de Ryu.pak
39	118	0	10	4	853	42	A Tale of Vengeance.pak
21	63	0	6	3	388	37	AA Shadow Gaiden.pak
13	34	0	10	4	573	62	Adventure of Nick & Dum-Dum, The.pak
5	24	0	13	9	513	198	Airgallet Fighters Wing.pak
11	32	1	100	4	582	82	Alien vs Predator Aftermath.pak
23	108	8	100	1	916	110	Aliens Clash.pak
47	112	0	6	2	854	81	Arcaders - The Beat 'Em Up.pak
31	47	0	20	6	7005	2	Armored Stronghold.pak
8	0	0	0	0	191	15	Armored Warriors Cyberbots.pak
53	207	0	8	3	1545	180	Art of Fighting - Beats of Rage Remix III.pak
180	856	18	200	3	12031	378	Art Of Figting - Trouble In South Town.pak
15	49	18	100	3	595	170	Asterix and Caesars Challenge.pak
48	134	0	39	3	1888	101	Avengers - United Battle Force.pak
24	70	1	999	4	799	139	Bad Ass Babes Episode One.pak
173	175	0	5	4	1813	41	Bad School Girls.pak
16	91	0	20	5	1600	155	Balance of Power.pak
30	72	25	100	3	1131	120	Bare Knuckle - The Next Generation.pak
146	276	3	100	3	4987	99	Bare Knuckle 6 - Turn The Tide.pak
49	51	9	100	3	1772	176	Bare Knuckle VACUUM.pak
16	47	10	100	1	362	65	Barshen Bash.pak
10	10	2	100	1	183	22	Barshen Below.pak
37	37	0	3	1	434	22	Barshen Border.pak
6	4	0	1	1	124	44	Barshen Breakout.pak
44	100	0	6	2	697	14	Batman - Savage Dawn.pak
1	0	0	0	0	0	0	Batman Gotham Knights.pak
10	3	0	1	1	206	8	Batman Vs. The Teenage Mutant Ninja Turtles.pak
30	158	0	12	5	2183	117	Battle Arena Toshinden Origin.pak
98	443	0	99	4	4635	513	BattleManiacs Bare Knuckle.pak
81	400	0	10	4	3265	503	Battletoads & Double Dragon IV - The Return of the Dark Forces.pak
37	312	0	10	3	1478	503	Battletoads Double Dragon - The T-Bird Mission.pak
78	403	0	99	4	3643	513	Battletoads.pak
16	78	0	8	5	1428	42	Bearz.pak
20	71	1	100	5	811	83	Beast and Blanka in the Violent World.pak
77	160	83	1000	1000	2391	51	Beat 'Em Up  Ultimate Alliance.pak
15	54	22	100	3	383	29	Beats of Rage - Alliance Super Sayan.pak
26	149	8	100	4	1237	75	Beats of Rage Remix - Ladies Edition.pak
1	0	0	0	0	0	0	Beats of Rage Remix - Rhythm of Destruction.pak
1	0	0	0	0	0	0	Beats Of Rage Xtra.pak
1	0	0	0	0	0	0	Beats of Rage.pak
28	61	18	100	1	538	63	Bird Bunch.pak
16	37	0	6	3	1151	145	Bishojo Dimensional Chaos.pak
6	10	4	100	3	43	15	Bleach.pak
11	31	0	6	1	155	47	Blue Bullet Bintang.pak
56	530	28	1000	4	3822	1056	Bombeiro Mascarado - Herois Das Ruas.pak
4	2	0	1	1	24	21	Braller.pak
93	127	0	5	3	922	28	Briga de Rua 2 - Vanessa.pak
23	63	0	4	2	371	48	Briga de Rua 3 - Killer Instinct.pak
96	96	0	5	3	853	69	Briga de Rua.pak
46	14	5	100	2	524	24	BroomStickBot.pak
21	51	8	100	3	431	56	Bruce Lee - Revenge of the Dragon.pak
37	108	26	100	4	1853	298	Burn Kingdom.pak
19	55	0	4	4	332	21	Burning Fox, The.pak
1	0	0	0	0	0	0	Cadillacs & Dinosaurs Warriors.pak
7	0	0	0	0	17	9	Capcom Pocket Brawl [Beta].pak
22	125	0	20	5	1865	155	Captain Commando and the Avengers.pak
12	20	8	100	3	139	19	Castlevania - Symphony of Destruction.pak
211	520	2	100	3	5964	249	Castlevania Dracula LCD Chronicles Deluxe Edition.pak
12	4	0	99	10	566	74	Castlevania Legacy of Dracula.pak
13	40	0	5	4	301	46	Castlevania Moonlight Nocturine.pak
4	7	0	10	5	110	46	CastleVania Pulse Of Animosity.pak
19	55	18	100	15	1555	169	Chaotix Rage.pak
2	1	0	3	3	18	14	Chaves Streets.pak
90	10	4	100	1	1063	24	Cherry On Top.pak
25	60	8	100	5	909	228	Chrono Killer.pak
22	124	0	8	4	941	75	City of Heroes.pak
37	109	2	100	3	1086	260	City of Kaos, The.pak
43	10	0	4	4	804	48	ClaFan - Classic Fantasy Advanced [Alpha Demo].pak
84	119	0	11	4	1559	62	ClaFan - Classic Fantasy.pak
42	153	0	9	5	1153	41	Code Name - Sailor V.pak
5	0	0	0	0	39	20	Coin Champion.pak
116	657	74	100	1	6031	195	Contra - Locked 'N Loaded.pak
35	116	0	16	4	1479	101	Cosmic Damage.pak
44	83	0	10	4	2378	58	Cowboys Unison.pak
120	746	255	100	3	5562	122	Crime Buster.pak
25	97	44	100	3	499	36	Crisis Evil - Countdown to Oblivion.pak
18	71	20	100	3	598	50	Crisis Evil 2 Remake.pak
23	105	24	100	3	738	50	Crisis Evil 3 - Santiago Infected.pak
81	36	2	100	3	2669	43	Crisis Evil 4 - The Night Slashers [Beta].pak
536	256	0	18	4	8412	86	Crisis Evil Bootleg - Resident Evil 2.pak
12	47	15	100	4	336	37	Crisis Evil Remake.pak
6	17	3	100	1	131	37	Cyber Robot.pak
31	59	20	100	4	769	203	Dante Must Kill.pak
17	90	0	5	3	466	64	Darkstalkers.pak
11	48	13	100	7	620	96	Demon's Hand [Demo].pak
19	68	18	100	5	627	39	Denjin Makai Zero.pak
26	27	13	100	3	456	127	Dojo Crasher.pak
51	22	0	20	5	2730	118	Doom Ultra-Violence.pak
51	188	6	100	4	1206	49	Double Dragon - Unleashed.pak
126	416	3	100	2	3242	80	Double Dragon - Zhao Yun.pak
16	36	0	6	4	266	30	Double Dragon 3 - The Rosetta Stone.pak
26	15	0	4	3	1024	32	Double Dragon 4.pak
25	81	0	3	3	474	31	Double Dragon Bangaihen.pak
52	169	47	100	4	995	50	Double Dragon Evil Forces Expand.pak
102	359	0	5	4	1849	60	Double Dragon Extreme.pak
26	118	0	4	4	903	60	Double Dragon Gaiden.pak
73	222	0	12	3	1574	107	Double Dragon Genesis.pak
26	76	0	8	3	424	54	Double Dragon Gold.pak
13	53	0	5	4	315	48	Double Dragon III - Rosetta Stone Remake.pak
72	344	0	12	1	1684	95	Double Dragon Reloaded Alternate.pak
153	728	0	60	1	4736	91	Double Dragon Remix.pak
31	96	0	5	4	757	25	Double Dragon Renegade.pak
39	297	0	12	1	1452	95	Double Dragon Revival.pak
31	140	0	5	4	1152	51	Double Dragon Revolution 2.pak
35	61	26	100	4	640	28	Double Dragon Revolution.pak
54	131	0	5	3	698	11	Double Dragon SNK Final Edition.pak
1	0	0	0	0	0	0	Double Dragon Zero.pak
129	338	0	13	3	4647	177	Dragon Ball Z - Attack of Saiyans.pak
2	9	0	6	4	181	152	Dragon Ball Z Gold.pak
17	36	0	6	1	206	59	Dragon Ball Z Tournament.pak
2	9	0	6	4	181	152	Dragon Ball.pak
34	112	21	100	5	2931	204	Dragons of Rage EX.pak
148	271	1	999	4	7575	140	Dungeons & Dragons - Knights & Dragons Final Cut.pak
148	271	1	999	4	7575	140	Dungeons & Dragons - Knights & Dragons The Endless Quest.pak
527	1563	278	100	1	14684	237	Dungeons & Dragons - Rise Of Warduke.pak
152	322	0	99	3	3919	50	Dungeons & Dragons - The Animated Series.pak
39	98	3	100	4	690	67	Dynamic Edge.pak
16	43	0	7	5	318	45	Dynasty Assassin.pak
25	70	13	100	4	814	41	Ed Edd n Eddy - Nightmare on Ed Street.pak
4	2	0	1	1	20	14	Eerie Erratic Expedition.pak
2	1	0	1	1	14	15	Egi The Egg.pak
14	43	0	15	4	789	51	EightMan.pak
132	449	0	12	3	2260	60	Einbein - Einvines Weekday.pak
32	227	0	22	3	3947	266	El Chapulin Colorado.pak
16	7	0	4	4	155	27	Elfen Lied.pak
12	38	0	50	6	687	69	Escape From Cartoon Hell.pak
54	6	3	100	100	664	24	Escape From Guha.pak
26	18	6	100	4	194	21	Escape of the Ages.pak
164	1326	0	6	3	8690	186	Eternal Champions - The Thin Strings of Fate.pak
10	22	1	100	3	146	33	Evil Dead 2.pak
17	53	1	100	3	342	33	Evil Dead.pak
9	19	0	4	3	134	32	Evil Splatter.pak
2	0	0	0	0	0	0	Faderhead's Fist Full of Fuck You.pak
63	23	0	3	3	1058	30	Fatal Fury Final.pak
40	115	33	100	4	1068	40	Fatal fury Rebout 2.pak
106	322	148	100	3	2392	25	Fatal Fury ReBout.pak
54	175	0	8	4	2489	46	Fearless Warriors, The.pak
45	128	58	500	6	2103	67	Fighters Rage 3 (Napalm Hack).pak
40	37	0	24	3	877	47	Fighting Street.pak
69	445	0	4	3	2526	65	Final Double Dragon.pak
15	26	0	6	5	530	65	Final Fantasy 1.pak
27	80	31	100	3	1237	186	Final Fantasy 7 Advance.pak
39	36	0	6	3	5631	583	Final Fight - Heroes.pak
128	379	0	10	5	4516	66	Final Fight - Last Round.pak
32	128	20	100	3	2042	328	Final Fight - Revival of Rage.pak
47	81	12	300	2	694	33	Final Fight & Cadillacs 2.pak
38	36	0	3	3	1479	44	Final Fight Alpha.pak
26	124	20	300	2	1346	72	Final Fight And Cadillacs.pak
22	66	0	8	5	737	98	Final Fight Apocalypse - 1st Edition.pak
41	130	0	8	5	1697	98	Final Fight Apocalypse - 2nd Edition.pak
32	74	0	8	6	2268	144	Final Fight Boss.pak
239	412	0	32	5	26817	338	Final Fight DC Alteration.pak
32	61	0	9	4	1241	83	Final Fight Gold Champion Edition.pak
33	24	0	4	3	956	222	Final Fight Luta.pak
34	345	0	6	3	1137	35	Final Fight PC - SNES Version.pak
198	618	0	10	5	7327	87	Final Fight Special Edition.pak
16	51	24	100	3	381	21	Final Fight Vs The King of Fighters.pak
22	17	6	100	5	319	26	Final fight X.pak
22	93	0	12	5	1118	86	Final Rage Chaos.pak
43	288	0	6	4	4120	559	Fire Emblem - Castle Defense.pak
32	2	0	3	3	498	122	Fire Hearts.pak
59	0	0	0	0	899	45	Fire Leaf Water.pak
23	85	1	100	6	895	65	First Fight.pak
24	77	1	100	2	522	45	Fists of Legendary Heroes.pak
4	3	0	2	1	55	47	Fruits Frenzy.pak
5	9	0	4	1	52	47	Fruits Survivors.pak
57	207	0	8	3	1551	180	Garou - Rage of the Wolves.pak
1	0	0	0	0	0	0	GG' Girls.pak
4	10	2	100	6	117	26	Ghouls 'N Ghosts Returns.pak
93	307	54	100	2	3209	112	GI Joe - Attack On Cobra Island.pak
1	0	0	0	0	0	0	Girls Special II, The.pak
1	0	0	0	0	0	0	Girls Special III, The.pak
1	0	0	0	0	0	0	Girls Special, The.pak
8	1	0	1	1	65	15	Go Bat.pak
6	16	0	8	4	159	27	God Of War - Ragnarok.pak
15	12	0	6	6	783	84	God of War.pak
20	100	0	6	4	1196	37	Godzilla - Ultraman - Gamera! All Out Monster War!.pak
56	128	33	100	3	886	70	Golden Axe Curse of Death Adder.pak
63	50	2	100	2	815	21	Golden Axe Genesis.pak
26	87	0	8	3	1473	80	Golden Axe Legend.pak
41	107	1	100	3	623	37	Golden Axe Myth.pak
88	143	38	100	3	1840	63	Golden Axe Remake - Special Edition.pak
113	361	0	99	3	4586	86	Golden Axe Returns.pak
185	210	37	120	4	3747	298	Guardian Heroes Warpath.pak
3	27	4	200	2	118	43	Guardians of the Hood II.pak
65	225	0	12	3	4669	136	Guardians of the Requiem - The Warriors of God.pak
14	9	0	4	3	145	26	Gudule - Fist in ya Face!.pak
40	14	0	4	4	478	26	Gudule.pak
51	111	5	100	4	3437	322	Guilty Gear - The Crusades.pak
7	19	3	100	1	224	33	Gunman.pak
58	135	0	22	4	3571	248	Gunslingers Unison.pak
18	58	0	15	10	1395	89	Gunstar Heroes Z.pak
2	1	1	100	100	67	61	Halloween - The Wrath of Michael Myers.pak
6	4	0	1	1	37	14	Happy Heart.pak
31	112	48	100	4	1304	46	Hatchet Ninjaz.pak
54	531	28	1000	4	3854	1056	Head Hunters.pak
14	38	0	7	5	591	65	Heaven's Anime Girls.pak
60	139	71	9999	999	3403	174	He-Man and the Masters of the Universe.pak
11	29	0	4	3	248	42	Hentai City.pak
2	0	0	0	0	0	0	Hiryu No Ken [Demo].pak
100	15	2	100	1	1359	119	Hokuto no Ken Fury Road.pak
4	4	0	3	1	26	24	Honeybee Harvest.pak
13	52	3	100	4	558	58	Hulk vs. Streets of Rage.pak
83	302	2	100	5	4178	140	Hyper Final Fight 1.pak
89	390	0	13	5	4791	121	Hyper Final Fight 2.pak
216	599	0	10	5	7096	66	Hyper Final Fight 3 - Return of the Black.pak
22	104	0	5	2	1452	519	Ikari Warriors 2010 + Mutation Nation.pak
18	0	0	0	0	240	26	Immortal Monster.pak
44	177	0	6	1	485	33	Infinity Beat 'Em Up.pak
48	327	12	100	3	4441	2917	Jaspion.pak
1	0	0	0	0	0	0	Joe and Mac - Caveman Ninja.pak
9	0	0	0	0	64	18	Joker.pak
269	607	0	99	5	13271	537	Justice League Legacy.pak
83	194	0	99	4	5099	555	Justice League United.pak
9	8	2	100	10	282	39	Kill Bill - Volume 1.pak
20	6	0	5	3	199	36	Kill Ryu 1.pak
50	14	0	4	4	685	108	Kill Ryu 2.pak
33	2	0	4	4	121	14	Kill Ryu Turbo.pak
111	370	0	15	4	3171	96	King of Fighters Zillion, The  - Another Road.pak
49	127	0	6	4	1540	139	King of Fighters, The - Beat 'Em Up Plus.pak
8	34	0	6	1	148	35	Kingdom Hearts.pak
14	41	16	100	3	266	24	Kirby Blast.pak
9	33	2	100	4	239	74	Konpaku.pak
10	0	0	0	0	109	4	Kung Fu Masters and the Wrath of the Gods.pak
34	131	0	5	3	744	47	Kunio-Kun Renegade L A Remaster.pak
1	0	0	0	0	0	0	Ladies of Rage.pak
16	171	29	100	1	665	90	Langit Lands.pak
14	21	0	4	1	111	16	Last Life.pak
149	260	1	999	4	6294	140	Legend of Korr - Path of Destruction.pak
40	357	0	13	1	1081	212	Legend of the Double Dragon.pak
18	112	0	3	1	438	128	Lift.pak
3	0	0	0	0	24	2	Lunar.pak
26	8	0	3	1	154	42	Lust Rush.pak
28	28	2	100	3	561	47	M@skaku, The - Wonder Momo '09.pak
17	70	0	5	4	572	20	Maplevania.pak
8	1	1	100	100	90	12	Martial Masters - New Legend.pak
311	924	34	100	5	16535	1027	Marvel - Infinity War.pak
170	593	49	100	5	10124	271	Marvel First Alliance 2.pak
272	1054	105	100	5	18524	102	Marvel First Alliance.pak
25	106	2	300	4	613	41	Marvel Super Heroes Infinity Adventure.pak
59	126	34	100	4	2225	298	Marvel Super Heroes.pak
6	2	0	9	9	84	57	Marvel vs Capcom.pak
21	75	1	100	9	1058	151	Marvel War of the Gems.pak
22	5	2	100	3	826	77	Masters Of The Universe - Eternian Battle.pak
3	5	2	100	3	22	18	Masters of the Universe.pak
17	75	0	6	4	540	55	Maximun Carnage Returns.pak
12	5	2	100	3	40	19	Mega Sonic.pak
19	57	0	8	3	508	43	Mega-Boy Into the Mega World.pak
13	24	8	100	4	410	37	MegaMan - War of the Past.pak
28	101	0	9	4	910	36	MegaMan - Xtreme Legend.pak
54	40	0	4	1	683	13	MegaMan Armada.pak
12	35	6	100	3	356	150	Melty Blood Stimulate.pak
27	18	6	100	3	201	19	Memory Loss.pak
24	98	16	100	3	898	60	Metal Gear Origin.pak
43	127	0	13	2	1360	146	Metal Slug Beat Em Up.pak
26	44	0	5	4	325	18	Mighty Final Fight 3.pak
8	31	7	2000	3	275	41	Mighty Final Fight Forever.pak
15	31	0	5	4	216	18	Mighty Final Fight X.pak
53	6	3	100	100	512	21	Minetroid.pak
7	36	0	4	3	542	197	Mobile Suit Zeta Gundam.pak
76	88	6	100	2	1228	69	Monster Girl Dimensions.pak
1	0	0	0	0	0	0	Monster Jam [Demo].pak
59	506	100	100	1	3452	95	Mortal Kombat - The Chosen One.pak
37	242	65	100	8	1896	61	Mortal Kombat Outworld Assassins.pak
36	146	3	100	4	1114	69	Mortal Kombat Unlimited.pak
160	138	10	100	4	1585	329	Moscow RE-Action.pak
4	7	3	100	4	88	17	Naruto.pak
22	55	8	100	4	673	31	Nelsoncomica.pak
31	51	0	6	4	924	76	Neon Lightning Force.pak
13	0	0	0	0	194	15	Never Ending Story.pak
33	96	25	100	5	1005	60	Night Slashers X.pak
35	124	9	100	4	1413	75	Nightmare on Elm Street - Dreams of Rage.pak
10	8	1	100	3	108	15	Ninja - Stealth Assassins.pak
17	57	15	100	4	694	64	Ninja Jiraya.pak
4	26	4	100	5	398	83	Ninja Warriors vs Marvel.pak
34	26	2	100	4	430	31	Ogres Mayhem.pak
17	38	0	13	4	523	63	One Piece - Grand Line Bout.pak
8	29	0	6	4	199	42	Overload.pak
14	30	12	100	6	1019	34	Pafman [Demo].pak
8	23	10	100	3	175	19	Panda Warriors.pak
34	7	0	10	4	1509	80	Pestilaence - The New Plague.pak
4	0	0	0	0	28	16	Pew Pew Dadu.pak
16	23	0	5	4	219	35	Phantasy Star II + IV [Demo].pak
4	21	0	6	5	132	40	Phantasy Star Online.pak
28	3	0	1	1	557	35	Plump on the Stump.pak
64	192	0	9	3	1898	71	Pocket Dimensional Clash 2.pak
26	89	0	9	5	1059	59	Pocket Ladies Gang War.pak
4	32	0	3	1	65	17	Pokemon - Red Blue Yellow.pak
29	28	2	100	9	421	49	Pokemon Rumble 2D.pak
84	0	0	0	0	1999	52	Poppy Playtime Brawl [Demo].pak
32	23	3	100	4	400	54	Porkchop 'n Flatscreen.pak
19	84	0	5	2	801	42	POW 2010.pak
23	20	0	4	2	630	26	POW Remake.pak
31	210	12	100	4	3707	2917	Power Rangers - Beats of Power Special Edition.pak
25	88	0	9	5	854	54	Pretty Soldier Sailor Moon - R Plus.pak
34	100	0	5	2	751	155	Project FGC.pak
49	114	0	3	1	930	128	Project Moon [Demo].pak
5	11	8	100	100	183	25	Project R.pak
8	18	0	10	7	869	158	Punisher, The and Nick Fury.pak
60	21	0	4	1	1431	44	Puzzle Puss.pak
19	38	0	4	4	1446	68	Quack Ninja.pak
3	28	0	3	2	201	28	Rael - The Redemption.pak
101	359	0	15	4	2934	96	Rage Force Briga De Rua.pak
203	689	180	100	4	8027	107	Rage of the Streets.pak
11	44	13	100	2	303	107	Raider & Reaper.pak
75	159	0	3	1	678	46	Raiders Rush.pak
17	56	0	7	1	200	50	Rainbow.pak
24	20	0	1	1	95	15	Real Bout Pro Wrestling.pak
75	293	0	22	4	5980	266	Recca Soldiers - Advance Wars.pak
99	649	0	99	4	7142	264	Red Cyclone Zangief.pak
4	12	0	1	1	12	37	Red Earth.pak
502	890	19	100	3	8860	70	Rescue Command - Against the Amazon Girls.pak
388	531	11	100	3	7516	93	Rescue Command Ep. 1 - Escaping from Bad Girls Island.pak
322	488	27	100	3	6026	79	Rescue Command Ep. 2 Attack on Amazon Island.pak
27	19	0	5	5	552	164	Resident Evil Survive.pak
33	70	0	10	4	1298	198	Retro Gamer Adventure.pak
93	240	0	5	4	1584	50	Return of Double Dragon.pak
12	47	0	5	3	456	60	Return of Kyo, The.pak
26	142	4	100	4	1182	75	Rhythm of Destruction 2 - Blue Edition.pak
25	136	4	100	4	1149	75	Rhythm of Destruction 2 - Green Edition.pak
26	142	4	100	4	1182	75	Rhythm of Destruction 2 - Red Edition.pak
20	26	0	5	3	198	56	River City Ransom Zero.pak
141	34	14	100	2	1640	27	Robo Magi.pak
82	206	0	3	1	681	26	Robz Rush.pak
79	115	3	100	3	894	28	Rocket Viper 2.pak
27	57	0	10	3	409	47	Rocket Viper.pak
5	28	16	999	999	547	42	Rocko's Modern Life.pak
22	18	0	6	4	286	37	Roy Streets.pak
44	30	4	100	1	407	30	Ruins of the Deep.pak
26	114	35	100	3	563	46	Rushing Beat.pak
100	46	0	8	3	2904	97	Ryuko No Ken Nekketsu.pak
23	39	16	100	3	351	19	S.C.U. - Special Criminal Unit.pak
85	533	0	6	3	5568	101	Sailor Moon - Alternate Story Return Of The Clones.pak
17	75	21	100	3	562	86	Sailor Moon Arcade.pak
14	51	0	9	4	468	52	Sailor Moon.pak
31	193	0	27	4	1407	74	Sailormoon Alternate Story Clone Attack.pak
50	16	4	100	4	1515	39	Saint Seiya - Death & Rebirth.pak
12	16	0	3	2	84	22	Samurai Warriors.pak
24	30	0	3	1	311	70	Scorer Horror.pak
1	0	0	0	0	0	0	Search for Athena, The.pak
32	69	11	100	1	345	29	Secrets of the Deep.pak
197	416	92	100	8	6281	169	Sega Brawlers Megamix.pak
29	121	17	100	3	746	177	Shadows of Death.pak
77	185	28	100	5	2077	107	Shiva & Lisa 2.pak
107	301	33	100	5	3164	107	Shiva & Lisa 3.pak
51	102	26	100	4	1304	107	Shiva & Lisa.pak
4	13	0	5	4	237	76	Shock Troopers - The Living Daylights.pak
20	5	2	100	3	451	31	Shodown Revenge.pak
114	24	0	99	2	7175	112	Silver Night's Crusaders.pak
65	187	0	6	3	1531	60	Simpsons, The - Treehouse of Horror.pak
30	76	0	6	3	372	37	Skull Kingz Remake.pak
8	17	0	8	2	879	253	Snail N Turtle.pak
6	20	0	10	5	264	116	Snestalgia.pak
233	1031	184	100	7	13565	236	Sonic Adventure - Revolution.pak
59	12	0	8	6	438	53	Sonic Defense.pak
20	106	0	12	2	994	171	Sonic SatAM Liberations.pak
109	135	20	100	6	10682	3136	Sonic Super Jam.pak
27	20	0	10	4	659	43	Sonics Splatterhouse.pak
2	6	0	3	3	49	15	SonicX Battle.pak
30	150	0	12	5	2070	117	Soul Edge II.pak
25	5	0	9	9	1823	120	Spawn - The Crusade Across Time.pak
22	48	6	100	2	319	58	Special Squadron Cyberman.pak
57	27	0	6	3	1572	20	Splatterhouse - Back from the Dead.pak
20	102	0	6	4	1312	42	Splatterhouse - Deception of the Mask.pak
13	134	0	17	4	2854	273	Splatterhouse - Eternal Nightmare.pak
7	59	0	4	4	540	41	Splatterhouse 2 - Journey Through Hell.pak
7	68	0	4	4	575	37	Splatterhouse 3 - Back to Light.pak
10	13	8	100	100	104	14	Stains of Deception.pak
14	35	3	100	1	253	55	Steampunk Raiders.pak
1	0	0	0	0	0	0	Steins Gate D!.pak
26	142	6	100	4	1156	75	Street Fighter - Beats of Rage Remix II.pak
44	210	6	100	2	2067	85	Street Fighter '89 - The Final Fight [Demo].pak
70	163	0	14	4	4846	381	Street Fighter II Champion Edition.pak
2	5	2	100	3	30	20	Street Fighter Legends.pak
42	177	4	100	6	1874	65	Street Fighter Rage World Olympic Tour.pak
14	43	0	8	5	1049	83	Street Fighter Taiwan.pak
110	238	0	20	2	1468	41	Street Fighter Ultimate Collection.pak
14	23	8	100	3	181	16	Street Fighter Victory.pak
17	45	6	1000	2	415	73	Street Fighter Vs. The King of Fighters.pak
7	19	0	6	5	251	103	Street Fury.pak
12	61	15	100	4	779	180	Street Knightz.pak
1	0	0	0	0	0	0	Streets of Fighting - Final Edition.pak
75	110	25	100	4	1481	107	Streets of Rage - Silent Hill.pak
31	75	58	1000	1000	909	59	Streets of Rage 2X.pak
3	40	0	8	3	191	30	Streets of Rage 4 - Silent Storm [Demo].pak
34	191	0	4	3	1494	62	Streets of Rage Furia Massiva.pak
173	646	0	15	4	5356	55	Streets of Rage Legacy.pak
65	183	52	1000	4	1788	180	Streets of Rage X2 Megamix.pak
201	366	74	100	4	13179	482	Streets of Rage XXX.pak
90	200	0	9	4	3782	192	Streets Of Rage Z - Return Of The Hero.pak
90	200	0	9	4	3782	192	Streets of Rage Z 2.pak
112	354	36	100	4	4331	108	Streets of Rage Zombies.pak
38	113	28	100	4	1275	107	Streets Of Russia.pak
150	550	0	15	4	5428	96	Streets of Vendetta - Cracoland War.pak
28	32	0	10	6	1799	237	Strider X.pak
5	22	0	8	6	341	106	Supah! Princess Defender.pak
65	142	0	13	5	4401	381	Super Fightin' Spirit.pak
39	75	0	11	6	2460	115	Super Final Fight Gold Plus LNS.pak
36	61	0	9	4	1284	83	Super Final Fight Gold.pak
14	6	0	6	1	353	57	Super Karate Kid.pak
38	24	0	12	3	1781	180	Super Mario Brawl.pak
3	0	0	0	0	4	2	Super Street Fighter II Turbo HD Remix.pak
13	33	0	6	3	709	92	Super Thundercats - The Lost Eye of Thundera.pak
59	166	15	100	4	1678	114	Super Universe Brawl.pak
2	0	0	0	0	0	0	Symphonia Battalion - Well Fight Together.pak
17	35	0	5	1	166	27	Tabib.pak
8	16	0	12	1	105	25	Tanks Vs Tanks.pak
19	24	1	100	3	201	37	Target Renegade [Demo].pak
12	19	4	100	5	267	40	Teenage Mutant Ninja Turtles - 8-Bit.pak
10	8	0	1	1	197	22	Teenage Mutant Ninja Turtles - Fall of the Foot Clan DX [Demo].pak
5	1	0	4	4	119	29	Teenage Mutant Ninja Turtles - Lost in Space.pak
59	34	8	100	4	2930	59	Teenage Mutant Ninja Turtles - Recolored & Extended.pak
23	76	4	100	4	1325	135	Teenage Mutant Ninja Turtles - Red Sky Battle.pak
42	76	4	100	4	793	44	Teenage Mutant Ninja Turtles - Shell Shocked.pak
20	144	0	8	4	1582	96	Teenage Mutant Ninja Turtles and Battletoads.pak
5	23	4	100	3	141	35	Teenage Mutant Ninja Turtles III The Manhattan Project.pak
12	0	0	0	0	282	25	Teenage Mutant Ninja Turtles.pak
8	7	0	4	3	36	20	Tekken - The Devils Rage.pak
1	0	0	0	0	0	0	The Beast Within - Divine Comedy.pak
6	7	0	3	1	53	24	The Suffering In Me [Beta Demo].pak
50	168	2	100	5	1200	58	Tides Before the Tragedy.pak
6	38	0	10	5	444	53	Time Crisis - Side Scroller [Demo].pak
17	62	1	100	4	680	63	Touhou Madness Wrath.pak
7	18	0	5	4	590	138	Touhou Shooter.pak
12	24	0	4	4	383	41	Turrican vs Terminator.pak
234	1801	0	14	1	6104	218	Ultimate Double Dragon.pak
23	1	0	9	9	72	12	Ultimate Super Mega Beatdown.pak
11	11	0	4	4	163	42	Unnamed Project.pak
25	124	0	10	4	787	132	Urban Lockdown.pak
28	55	2	100	4	599	57	Valdivia City Ransom.pak
5	22	5	100	4	213	50	Vampire Hunters.pak
14	75	0	8	3	1387	131	Vampire Rage Hide.pak
39	0	0	0	0	989	34	Vengeance of Kyo, The.pak
319	521	6	100	4	60518	588	Vermilion Sword - The Legend Of Calibur.pak
4	17	5	100	4	230	56	Village of Rage.pak
16	69	27	100	3	1213	59	Warrior Frenzy.pak
58	150	0	40	4	3996	559	Warslayers - Land of Sinners.pak
136	0	0	0	0	702	16	Way of Martial Arts.pak
191	211	37	120	4	3803	298	Women's War.pak
77	58	12	100	4	624	63	World Heroes Supreme Justice Extra.pak
4	2	0	1	1	24	15	Xelam.pak
38	89	0	4	3	711	33	X-Men - Guerra dos Clones.pak
31	114	0	10	3	1034	111	X-Men Hunter for Mutants.pak
4	18	5	100	3	120	36	X-Men Vs. Street Fighter.pak
4	12	5	100	3	76	27	X-Men.pak
2	5	2	100	4	59	16	XuanYuan Sword.pak
1	0	0	0	0	0	0	Yu Yu Hakusho Dark Tournament.pak
8	0	0	0	0	52	8	Yu-Gi-Oh! - Duels Alive.pak
