pak	sprite_px_upper	images	skipped
2nenBgumi Gikotaku Seinsei Gaiden	62785112	1825	0
A Saga de Ryu	186270805	6350	0
A Tale of Vengeance	103885509	4472	0
AA Shadow Gaiden	81521824	2388	0
Adventure of Nick & Dum-Dum, The	31811974	1658	0
Airgallet Fighters Wing	12655546	388	0
Alien vs Predator Aftermath	96894516	1363	0
Aliens Clash	41026418	403	0
Arcaders - The Beat 'Em Up	10001691	571	0
Armored Stronghold	15096895	1212	0
Armored Warriors Cyberbots	40735802	568	0
Art Of Figting - Trouble In South Town	4169695866	53360	0
Art of Fighting - Beats of Rage Remix III	264991358	4075	0
Asterix and Caesars Challenge	63781573	652	0
Avengers - United Battle Force	463444578	7260	0
Bad Ass Babes Episode One	288833377	2138	0
Bad School Girls	353358467	6121	0
Balance of Power	101033102	2579	0
Bare Knuckle - The Next Generation	75924969	3554	0
Bare Knuckle 6 - Turn The Tide	202151915	8254	0
Bare Knuckle VACUUM	73200208	3660	0
Barshen Bash	17065160	190	0
Barshen Below	14784460	195	0
Barshen Border	15866140	193	0
Barshen Breakout	14349504	186	0
Batman - Savage Dawn	10427178	567	0
Batman Gotham Knights	29581664	1357	0
Batman Vs. The Teenage Mutant Ninja Turtles	20348710	608	0
Battle Arena Toshinden Origin	138480181	3800	0
BattleManiacs Bare Knuckle	207324999	6364	0
Battletoads & Double Dragon IV - The Return of the Dark Forces	91284124	2585	0
Battletoads Double Dragon - The T-Bird Mission	74682191	2268	0
Battletoads	94430783	1700	0
Bearz	54376660	972	0
Beast and Blanka in the Violent World	30367257	572	0
Beat 'Em Up  Ultimate Alliance	1315275173	11855	0
Beats Of Rage Xtra	90707738	3231	0
Beats of Rage - Alliance Super Sayan	42955067	2414	0
Beats of Rage Remix - Ladies Edition	52248067	2616	0
Beats of Rage Remix - Rhythm of Destruction	94964443	2736	0
Beats of Rage	28261310	1608	0
Bird Bunch	8107748	130	0
Bishojo Dimensional Chaos	86226503	3148	0
Bleach	31178469	425	0
Blue Bullet Bintang	6277285	107	0
Bombeiro Mascarado - Herois Das Ruas	87871648	2134	0
Braller	3583464	44	0
Briga de Rua 2 - Vanessa	360313983	15626	0
Briga de Rua 3 - Killer Instinct	532760226	11605	0
Briga de Rua	403370714	16850	0
BroomStickBot	15893440	242	0
Bruce Lee - Revenge of the Dragon	250481133	6781	0
Burn Kingdom	169056486	6257	0
Burning Fox, The	261814425	4797	0
Cadillacs & Dinosaurs Warriors	90173401	1217	0
Capcom Pocket Brawl [Beta]	42879469	581	0
Captain Commando and the Avengers	148515046	3254	0
CastleVania Pulse Of Animosity	51413067	1230	0
Castlevania - Symphony of Destruction	10454529	590	0
Castlevania Dracula LCD Chronicles Deluxe Edition	378073919	5286	0
Castlevania Legacy of Dracula	190794325	2333	0
Castlevania Moonlight Nocturine	136940227	2129	0
Chaotix Rage	75015639	2561	0
Chaves Streets	3258415	239	0
Cherry On Top	27070976	346	0
Chrono Killer	26314436	805	0
City of Heroes	212656188	3171	0
City of Kaos, The	343309303	5098	4
ClaFan - Classic Fantasy Advanced [Alpha Demo]	58785340	1663	0
ClaFan - Classic Fantasy	74176723	2275	0
Code Name - Sailor V	82318283	2016	0
Coin Champion	5098854	49	0
Contra - Locked 'N Loaded	55886316	3382	0
Cosmic Damage	164063485	3279	0
Cowboys Unison	133512452	1177	0
Crime Buster	85398497	4839	0
Crisis Evil - Countdown to Oblivion	153637542	2494	0
Crisis Evil 2 Remake	78873101	1835	2
Crisis Evil 3 - Santiago Infected	78269966	1686	2
Crisis Evil 4 - The Night Slashers [Beta]	168428437	6367	0
Crisis Evil Bootleg - Resident Evil 2	1151569663	21731	0
Crisis Evil Remake	63902078	865	0
Cyber Robot	8782060	118	0
Dante Must Kill	61608935	1198	0
Darkstalkers	412073649	4519	0
Demon's Hand [Demo]	489177560	3673	0
Denjin Makai Zero	93657057	3281	0
Dojo Crasher	40101749	2062	0
Doom Ultra-Violence	30332916	1086	0
Double Dragon - Unleashed	58618919	1700	0
Double Dragon - Zhao Yun	419530242	9161	0
Double Dragon 3 - The Rosetta Stone	33546883	515	0
Double Dragon 4	337486710	10043	0
Double Dragon Bangaihen	108794036	3731	0
Double Dragon Evil Forces Expand	31064132	1304	0
Double Dragon Extreme	38889276	857	0
Double Dragon Gaiden	154138434	4858	0
Double Dragon Genesis	63503762	4212	0
Double Dragon Gold	252018717	1817	0
Double Dragon III - Rosetta Stone Remake	41169607	1215	0
Double Dragon Reloaded Alternate	275665346	4644	0
Double Dragon Remix	73683431	3265	0
Double Dragon Renegade	41089501	1119	0
Double Dragon Revival	203426707	3271	0
Double Dragon Revolution 2	67447903	2519	0
Double Dragon Revolution	17327364	937	0
Double Dragon SNK Final Edition	43382229	1624	0
Double Dragon Zero	258881163	5783	0
Dragon Ball Z - Attack of Saiyans	1287529286	11994	0
Dragon Ball Z Gold	6319412	394	0
Dragon Ball Z Tournament	516585307	2547	0
Dragon Ball	6901283	406	0
Dragons of Rage EX	142140290	2769	0
Dungeons & Dragons - Knights & Dragons Final Cut	1144530666	6990	0
Dungeons & Dragons - Knights & Dragons The Endless Quest	1144530666	6990	0
Dungeons & Dragons - Rise Of Warduke	1324625354	20569	0
Dungeons & Dragons - The Animated Series	376106258	3224	0
Dynamic Edge	115940319	8315	0
Dynasty Assassin	200024070	2249	0
Ed Edd n Eddy - Nightmare on Ed Street	45154482	1776	0
Eerie Erratic Expedition	9802114	86	0
Egi The Egg	4498124	86	0
EightMan	46575705	2083	0
Einbein - Einvines Weekday	99657315	3397	0
El Chapulin Colorado	166708139	1954	0
Elfen Lied	18713072	641	0
Escape From Cartoon Hell	129557076	885	0
Escape From Guha	32641554	221	0
Escape of the Ages	414132347	7212	0
Eternal Champions - The Thin Strings of Fate	892703853	13716	0
Evil Dead 2	72794454	990	0
Evil Dead	84015002	1900	0
Evil Splatter	68389117	917	0
Faderhead's Fist Full of Fuck You	368550278	1400	0
Fatal Fury Final	119503987	1693	0
Fatal Fury ReBout	15670586	976	0
Fatal fury Rebout 2	86403240	1647	0
Fearless Warriors, The	46449233	1227	0
Fighters Rage 3 (Napalm Hack)	174650318	4563	1
Fighting Street	272625418	2288	0
Final Double Dragon	139342421	5262	0
Final Fantasy 1	9986671	344	0
Final Fantasy 7 Advance	52619288	1951	0
Final Fight & Cadillacs 2	482011688	9545	0
Final Fight - Heroes	165938429	3057	0
Final Fight - Last Round	75714752	1450	0
Final Fight - Revival of Rage	198744762	9066	0
Final Fight Alpha	149242012	2715	0
Final Fight And Cadillacs	602812159	7236	0
Final Fight Apocalypse - 1st Edition	41865549	762	0
Final Fight Apocalypse - 2nd Edition	69595507	1345	0
Final Fight Boss	868516952	5826	0
Final Fight DC Alteration	177430521	3195	0
Final Fight Gold Champion Edition	551793782	3699	0
Final Fight Luta	46142918	1185	0
Final Fight PC - SNES Version	102469244	1886	0
Final Fight Special Edition	57974739	1780	0
Final Fight Vs The King of Fighters	16507652	1011	0
Final Rage Chaos	33308302	922	0
Final fight X	61023902	1519	0
Fire Emblem - Castle Defense	33166900	1592	0
Fire Hearts	154508450	2203	0
Fire Leaf Water	12414314	148	0
First Fight	32100767	756	0
Fists of Legendary Heroes	178570632	3800	0
Fruits Frenzy	4240976	67	0
Fruits Survivors	9834379	216	0
GG' Girls	228965964	5201	0
GI Joe - Attack On Cobra Island	251440225	4447	0
Garou - Rage of the Wolves	319314209	5968	0
Ghouls 'N Ghosts Returns	13091637	625	0
Girls Special II, The	233017013	6096	0
Girls Special III, The	214385515	5283	0
Girls Special, The	207952612	6370	0
Go Bat	5951139	75	0
God Of War - Ragnarok	32902761	491	0
God of War	81129646	3832	0
Godzilla - Ultraman - Gamera! All Out Monster War!	130614490	3432	0
Golden Axe Curse of Death Adder	520803384	7753	0
Golden Axe Genesis	98151858	1974	0
Golden Axe Legend	464500992	3057	0
Golden Axe Myth	277247052	6273	0
Golden Axe Remake - Special Edition	45649778	1812	0
Golden Axe Returns	1767904340	6589	0
Guardian Heroes Warpath	955198430	10929	0
Guardians of the Hood II	523146644	10245	0
Guardians of the Requiem - The Warriors of God	42264286	691	0
Gudule - Fist in ya Face!	73469997	1468	0
Gudule	62467884	1285	0
Guilty Gear - The Crusades	71262998	2591	0
Gunman	4701029	121	0
Gunslingers Unison	178799932	1933	0
Gunstar Heroes Z	46464005	1123	0
Halloween - The Wrath of Michael Myers	103345798	1735	0
Happy Heart	6933112	49	0
Hatchet Ninjaz	894479648	2835	1
He-Man and the Masters of the Universe	417653175	3716	0
Head Hunters	85427266	1994	0
Heaven's Anime Girls	62354484	3398	0
Hentai City	100713492	926	0
Hiryu No Ken [Demo]	204199842	2686	1
Hokuto no Ken Fury Road	124557131	3414	0
Honeybee Harvest	3676784	71	0
Hulk vs. Streets of Rage	44668754	1514	0
Hyper Final Fight 1	61152642	1375	0
Hyper Final Fight 2	58221980	1262	0
Hyper Final Fight 3 - Return of the Black	132262683	2966	0
Ikari Warriors 2010 + Mutation Nation	90411203	1355	0
Immortal Monster	3925435	64	0
Infinity Beat 'Em Up	2003427815	21065	1
Jaspion	173655126	3852	0
Joe and Mac - Caveman Ninja	20935028	533	0
Joker	7984020	259	0
Justice League Legacy	3009964947	17361	0
Justice League United	272767021	5509	0
Kill Bill - Volume 1	7474256	442	0
Kill Ryu 1	43602072	1238	0
Kill Ryu 2	73126886	2028	0
Kill Ryu Turbo	74600241	2839	0
King of Fighters Zillion, The  - Another Road	395229477	10891	0
King of Fighters, The - Beat 'Em Up Plus	640290485	15077	0
Kingdom Hearts	19765832	758	0
Kirby Blast	15883677	1096	34
Konpaku	39428410	981	0
Kung Fu Masters and the Wrath of the Gods	40603478	400	0
Kunio-Kun Renegade L A Remaster	146736184	6346	0
Ladies of Rage	104771384	4353	0
Langit Lands	11387680	195	0
Last Life	10389259	78	0
Legend of Korr - Path of Destruction	1258315113	8352	0
Legend of the Double Dragon	171669887	4910	0
Lift	10594287	237	0
Lunar	31058646	736	0
Lust Rush	1528785134	2772	0
M@skaku, The - Wonder Momo '09	292755567	3950	0
Maplevania	42660769	674	0
Martial Masters - New Legend	207229401	3789	0
Marvel - Infinity War	1338662050	21586	0
Marvel First Alliance 2	332539605	8972	0
Marvel First Alliance	105099318	3906	0
Marvel Super Heroes Infinity Adventure	232375352	5808	0
Marvel Super Heroes	287180742	8960	0
Marvel War of the Gems	231555368	2500	0
Marvel vs Capcom	164757475	9946	0
Masters Of The Universe - Eternian Battle	27811558	930	0
Masters of the Universe	56595538	836	0
Maximun Carnage Returns	79630306	968	0
Mega Sonic	46902910	1954	0
Mega-Boy Into the Mega World	558763884	4192	35
MegaMan - War of the Past	15816989	934	0
MegaMan - Xtreme Legend	44187410	960	0
MegaMan Armada	111559282	2454	0
Melty Blood Stimulate	52093537	2259	0
Memory Loss	99396360	4513	0
Metal Gear Origin	105736208	2458	0
Metal Slug Beat Em Up	327259196	3636	1
Mighty Final Fight 3	98824293	1536	0
Mighty Final Fight Forever	75356792	1970	0
Mighty Final Fight X	92237447	1309	0
Minetroid	14296725	188	0
Mobile Suit Zeta Gundam	13806987	295	0
Monster Girl Dimensions	720599260	6086	0
Monster Jam [Demo]	110345113	4611	17
Mortal Kombat - The Chosen One	989769226	18516	0
Mortal Kombat Outworld Assassins	253929798	4872	0
Mortal Kombat Unlimited	190878015	3895	0
Moscow RE-Action	1086633374	27455	0
Naruto	7141271	338	0
Nelsoncomica	17784712	658	0
Neon Lightning Force	82324442	3880	0
Never Ending Story	21763583	840	0
Night Slashers X	132944777	4185	0
Nightmare on Elm Street - Dreams of Rage	239347650	2332	0
Ninja - Stealth Assassins	169724271	2994	0
Ninja Jiraya	110228442	2115	0
Ninja Warriors vs Marvel	7010222	377	0
Ogres Mayhem	1092834998	26316	0
One Piece - Grand Line Bout	38001277	1931	0
Overload	63406417	525	0
POW 2010	61477852	998	0
POW Remake	35205831	518	0
Pafman [Demo]	8900144	543	0
Panda Warriors	23946994	1171	0
Pestilaence - The New Plague	77096660	1650	0
Pew Pew Dadu	3725040	65	0
Phantasy Star II + IV [Demo]	16104716	890	0
Phantasy Star Online	25082973	826	0
Plump on the Stump	5931564	94	0
Pocket Dimensional Clash 2	308496004	10008	0
Pocket Ladies Gang War	45316407	1955	0
Pokemon - Red Blue Yellow	20264072	1024	0
Pokemon Rumble 2D	39141219	609	0
Poppy Playtime Brawl [Demo]	281562106	3262	0
Porkchop 'n Flatscreen	39806586	1502	1387
Power Rangers - Beats of Power Special Edition	112803391	2529	0
Pretty Soldier Sailor Moon - R Plus	53491958	1445	0
Project FGC	1092357590	19809	0
Project Moon [Demo]	229458021	2117	0
Project R	16404985	629	0
Punisher, The and Nick Fury	156206848	1399	0
Puzzle Puss	17768729	208	0
Quack Ninja	29022670	2119	0
Rael - The Redemption	8037733	325	0
Rage Force Briga De Rua	269496075	5424	0
Rage of the Streets	32761520	2301	0
Raider & Reaper	8939580	205	0
Raiders Rush	37429090	644	0
Rainbow	13409356	123	0
Real Bout Pro Wrestling	1238496191	13940	0
Recca Soldiers - Advance Wars	160702421	2474	0
Red Cyclone Zangief	170236250	4183	0
Red Earth	129387305	2389	0
Rescue Command - Against the Amazon Girls	882765980	11673	0
Rescue Command Ep. 1 - Escaping from Bad Girls Island	636237830	7846	0
Rescue Command Ep. 2 Attack on Amazon Island	976417188	15446	0
Resident Evil Survive	122810901	2155	0
Retro Gamer Adventure	67101062	2246	0
Return of Double Dragon	60587051	1898	0
Return of Kyo, The	150853439	2636	0
Rhythm of Destruction 2 - Blue Edition	113756675	1556	0
Rhythm of Destruction 2 - Green Edition	112931611	1501	0
Rhythm of Destruction 2 - Red Edition	111787187	1527	0
River City Ransom Zero	39763810	1921	0
Robo Magi	22011753	623	0
Robz Rush	23669739	492	0
Rocket Viper 2	211156145	9506	0
Rocket Viper	79149626	4841	0
Rocko's Modern Life	34188679	657	0
Roy Streets	9517649	612	0
Ruins of the Deep	15785016	219	0
Rushing Beat	75092182	1813	0
Ryuko No Ken Nekketsu	173551211	2871	0
S.C.U. - Special Criminal Unit	78579520	2425	0
Sailor Moon - Alternate Story Return Of The Clones	181544612	3892	0
Sailor Moon Arcade	60533003	2455	0
Sailor Moon	14828469	740	0
Sailormoon Alternate Story Clone Attack	105447304	2413	0
Saint Seiya - Death & Rebirth	52667256	1415	0
Samurai Warriors	422158512	5651	0
Scorer Horror	13970758	253	0
Search for Athena, The	43350787	2171	0
Secrets of the Deep	10166160	133	0
Sega Brawlers Megamix	2784141251	20518	0
Shadows of Death	21423271	1314	0
Shiva & Lisa 2	87044307	2930	0
Shiva & Lisa 3	135816383	3766	0
Shiva & Lisa	36311966	1737	0
Shock Troopers - The Living Daylights	34381049	1071	0
Shodown Revenge	78883861	882	0
Silver Night's Crusaders	444388084	6784	0
Simpsons, The - Treehouse of Horror	194334749	6152	0
Skull Kingz Remake	93173643	1874	0
Snail N Turtle	53356680	581	0
Snestalgia	51483996	721	0
Sonic Adventure - Revolution	622815527	12300	1
Sonic Defense	399002197	21803	0
Sonic SatAM Liberations	46405822	1284	0
Sonic Super Jam	11107140657	39119	1
SonicX Battle	1500244	195	0
Sonics Splatterhouse	52557232	2416	0
Soul Edge II	80710719	2082	0
Spawn - The Crusade Across Time	72797240	1870	0
Special Squadron Cyberman	26344273	936	0
Splatterhouse - Back from the Dead	51467689	1540	0
Splatterhouse - Deception of the Mask	53702751	1288	0
Splatterhouse - Eternal Nightmare	68863880	1789	0
Splatterhouse 2 - Journey Through Hell	42566231	1410	0
Splatterhouse 3 - Back to Light	58011499	1771	0
Stains of Deception	41235031	1873	0
Steampunk Raiders	12468344	298	0
Steins Gate D!	6978662	368	0
Street Fighter '89 - The Final Fight [Demo]	556841380	5114	0
Street Fighter - Beats of Rage Remix II	117496535	1577	0
Street Fighter II Champion Edition	33721390	1351	0
Street Fighter Legends	11000597	734	0
Street Fighter Rage World Olympic Tour	55929877	1394	0
Street Fighter Taiwan	639354899	4456	0
Street Fighter Ultimate Collection	148580238	2411	0
Street Fighter Victory	61334442	2206	0
Street Fighter Vs. The King of Fighters	624182393	5379	0
Street Fury	27927451	380	0
Street Knightz	51909586	2428	1
Streets Of Rage Z - Return Of The Hero	354113185	8790	1
Streets Of Russia	133145081	7118	0
Streets of Fighting - Final Edition	79459766	2145	0
Streets of Rage - Silent Hill	117576319	3015	0
Streets of Rage 2X	422530058	3862	0
Streets of Rage 4 - Silent Storm [Demo]	370674160	1469	0
Streets of Rage Furia Massiva	139521269	3833	0
Streets of Rage Legacy	866924066	8929	0
Streets of Rage X2 Megamix	1272641301	11210	0
Streets of Rage XXX	243361975	6698	0
Streets of Rage Z 2	373907951	8916	1
Streets of Rage Zombies	419663051	19764	0
Streets of Vendetta - Cracoland War	642172889	5830	0
Strider X	874826598	2610	0
Supah! Princess Defender	4919734	306	0
Super Fightin' Spirit	36766019	1454	0
Super Final Fight Gold Plus LNS	1035023954	6695	0
Super Final Fight Gold	850151240	5673	0
Super Karate Kid	28324354	610	0
Super Mario Brawl	99602880	1842	0
Super Street Fighter II Turbo HD Remix	3839412	196	0
Super Thundercats - The Lost Eye of Thundera	15837556	399	0
Super Universe Brawl	2489445899	24763	2
Symphonia Battalion - Well Fight Together	237151815	2418	0
Tabib	4178586	73	0
Tanks Vs Tanks	3258975	97	0
Target Renegade [Demo]	9122672	768	0
Teenage Mutant Ninja Turtles - 8-Bit	11986211	615	0
Teenage Mutant Ninja Turtles - Fall of the Foot Clan DX [Demo]	5599126	232	0
Teenage Mutant Ninja Turtles - Lost in Space	38757688	977	0
Teenage Mutant Ninja Turtles - Recolored & Extended	209030392	5279	0
Teenage Mutant Ninja Turtles - Red Sky Battle	53091367	2650	0
Teenage Mutant Ninja Turtles - Rescue Palooza!	112236045	5082	0
Teenage Mutant Ninja Turtles - Shell Shocked	132119809	6797	0
Teenage Mutant Ninja Turtles III The Manhattan Project	8476323	452	0
Teenage Mutant Ninja Turtles and Battletoads	108970577	4455	0
Teenage Mutant Ninja Turtles	32701911	747	0
Tekken - The Devils Rage	19553191	798	0
The Beast Within - Divine Comedy	386895008	9215	0
The Suffering In Me [Beta Demo]	27219396	456	0
Tides Before the Tragedy	418908427	6946	0
Time Crisis - Side Scroller [Demo]	35267608	545	0
Touhou Madness Wrath	55485520	2213	0
Touhou Shooter	24421212	1305	0
Turrican vs Terminator	20123182	570	0
Ultimate Double Dragon	407516737	11279	0
Ultimate Super Mega Beatdown	217591283	10558	1
Unnamed Project	15752217	424	0
Urban Lockdown	157282453	2004	0
Valdivia City Ransom	40586297	2707	0
Vampire Hunters	28948506	2093	0
Vampire Rage Hide	78512643	2214	0
Vengeance of Kyo, The	239435643	6738	0
Vermilion Sword - The Legend Of Calibur	168031526	4302	0
Village of Rage	43237220	892	0
Warrior Frenzy	39722557	1559	0
Warslayers - Land of Sinners	125801076	1288	0
Way of Martial Arts	120134675	6865	0
Women's War	1328451474	21628	0
World Heroes Supreme Justice Extra	400198159	7706	0
X-Men - Guerra dos Clones	189716405	4444	0
X-Men Hunter for Mutants	323410955	1681	0
X-Men Vs. Street Fighter	39327760	1363	0
X-Men	13921751	661	0
Xelam	4471423	49	0
XuanYuan Sword	49709266	797	0
Yu Yu Hakusho Dark Tournament	247880493	4135	0
Yu-Gi-Oh! - Duels Alive	10422217	558	0
