width	height	mode	source	pak
320	240	0	no video.txt	2nenBgumi Gikotaku Seinsei Gaiden
480	272	1	mode 1	A Saga de Ryu
320	240	0	no video.txt	A Tale of Vengeance
320	240	0	no video.txt	AA Shadow Gaiden
320	240	0	no video.txt	Adventure of Nick & Dum-Dum, The
320	240	0	no video.txt	Airgallet Fighters Wing
320	240	0	no video.txt	Alien vs Predator Aftermath
640	480	2	mode 2	Aliens Clash
320	240	0	mode 0	Arcaders - The Beat 'Em Up
320	240	0	mode 0	Armored Stronghold
320	240	0	no video.txt	Armored Warriors Cyberbots
480	272	1	mode 1	Art Of Figting - Trouble In South Town
480	272	1	mode 1	Art of Fighting - Beats of Rage Remix III
320	240	0	no video.txt	Asterix and Caesars Challenge
480	272	1	mode 1	Avengers - United Battle Force
960	480	255	mode 255	Bad Ass Babes Episode One
480	272	1	mode 1	Bad School Girls
320	240	0	no video.txt	Balance of Power
320	240	0	no video.txt	Bare Knuckle - The Next Generation
320	240	0	mode 0	Bare Knuckle 6 - Turn The Tide
320	240	0	no video.txt	Bare Knuckle VACUUM
640	480	2	mode 2	Barshen Bash
640	480	2	mode 2	Barshen Below
640	480	2	mode 2	Barshen Border
640	480	2	mode 2	Barshen Breakout
320	240	0	mode 0	Batman - Savage Dawn
320	240	0	no video.txt	Batman Gotham Knights
320	240	0	mode 0	Batman Vs. The Teenage Mutant Ninja Turtles
320	240	0	mode 0	Battle Arena Toshinden Origin
480	272	1	mode 1	BattleManiacs Bare Knuckle
320	240	0	mode 0	Battletoads & Double Dragon IV - The Return of the Dark Forces
320	240	0	mode 0	Battletoads Double Dragon - The T-Bird Mission
320	240	0	no video.txt	Battletoads
640	360	255	mode 255	Bearz
320	240	0	no video.txt	Beast and Blanka in the Violent World
480	272	1	mode 1	Beat 'Em Up  Ultimate Alliance
320	240	0	no video.txt	Beats Of Rage Xtra
320	240	0	no video.txt	Beats of Rage - Alliance Super Sayan
320	240	0	no video.txt	Beats of Rage Remix - Ladies Edition
320	240	0	no video.txt	Beats of Rage Remix - Rhythm of Destruction
320	240	0	no video.txt	Beats of Rage
640	480	2	mode 2	Bird Bunch
480	272	1	mode 1	Bishojo Dimensional Chaos
320	240	0	mode 0	Bleach
640	480	2	mode 2	Blue Bullet Bintang
320	240	0	mode 0	Bombeiro Mascarado - Herois Das Ruas
640	480	2	mode 2	Braller
480	272	1	mode 1	Briga de Rua 2 - Vanessa
480	272	1	mode 1	Briga de Rua 3 - Killer Instinct
480	272	1	mode 1	Briga de Rua
640	480	2	mode 2	BroomStickBot
320	240	0	mode 0	Bruce Lee - Revenge of the Dragon
320	240	0	no video.txt	Burn Kingdom
480	272	1	mode 1	Burning Fox, The
320	240	0	mode 0	Cadillacs & Dinosaurs Warriors
480	272	1	mode 1	Capcom Pocket Brawl [Beta]
320	240	0	no video.txt	Captain Commando and the Avengers
320	240	0	mode 0	CastleVania Pulse Of Animosity
320	240	0	no video.txt	Castlevania - Symphony of Destruction
320	240	0	mode 0	Castlevania Dracula LCD Chronicles Deluxe Edition
320	240	0	mode 0	Castlevania Legacy of Dracula
320	240	0	mode 0	Castlevania Moonlight Nocturine
320	240	0	mode 0	Chaotix Rage
320	240	0	no video.txt	Chaves Streets
640	480	2	mode 2	Cherry On Top
320	240	0	no video.txt	Chrono Killer
320	240	0	no video.txt	City of Heroes
480	272	1	mode 1	City of Kaos, The
320	240	0	mode 0	ClaFan - Classic Fantasy Advanced [Alpha Demo]
320	240	0	mode 0	ClaFan - Classic Fantasy
320	240	0	mode 0	Code Name - Sailor V
640	480	2	mode 2	Coin Champion
320	240	0	mode 0	Contra - Locked 'N Loaded
480	272	1	mode 1	Cosmic Damage
320	240	0	mode 0	Cowboys Unison
320	240	0	mode 0	Crime Buster
320	240	0	no video.txt	Crisis Evil - Countdown to Oblivion
320	240	0	no video.txt	Crisis Evil 2 Remake
320	240	0	no video.txt	Crisis Evil 3 - Santiago Infected
320	240	0	mode 0	Crisis Evil 4 - The Night Slashers [Beta]
320	240	0	mode 0	Crisis Evil Bootleg - Resident Evil 2
320	240	0	no video.txt	Crisis Evil Remake
640	480	2	mode 2	Cyber Robot
320	240	0	no video.txt	Dante Must Kill
320	240	0	mode 0	Darkstalkers
480	272	1	mode 1	Demon's Hand [Demo]
320	240	0	mode 0	Denjin Makai Zero
320	240	0	no video.txt	Dojo Crasher
320	240	0	no video.txt	Doom Ultra-Violence
320	240	0	no video.txt	Double Dragon - Unleashed
320	240	0	mode 0	Double Dragon - Zhao Yun
320	240	0	mode 0	Double Dragon 3 - The Rosetta Stone
320	240	0	mode 0	Double Dragon 4
320	240	0	no video.txt	Double Dragon Bangaihen
320	240	0	mode 0	Double Dragon Evil Forces Expand
320	240	0	no video.txt	Double Dragon Extreme
320	240	0	no video.txt	Double Dragon Gaiden
320	240	0	no video.txt	Double Dragon Genesis
320	240	0	mode 0	Double Dragon Gold
320	240	0	no video.txt	Double Dragon III - Rosetta Stone Remake
640	480	2	mode 2	Double Dragon Reloaded Alternate
320	240	0	mode 0	Double Dragon Remix
320	240	0	no video.txt	Double Dragon Renegade
640	480	2	mode 2	Double Dragon Revival
320	240	0	no video.txt	Double Dragon Revolution 2
320	240	0	no video.txt	Double Dragon Revolution
320	240	0	no video.txt	Double Dragon SNK Final Edition
320	240	0	no video.txt	Double Dragon Zero
480	272	1	mode 1	Dragon Ball Z - Attack of Saiyans
320	240	0	no video.txt	Dragon Ball Z Gold
960	475	255	mode 255	Dragon Ball Z Tournament
320	240	0	no video.txt	Dragon Ball
320	240	0	no video.txt	Dragons of Rage EX
480	272	1	mode 1	Dungeons & Dragons - Knights & Dragons Final Cut
480	272	1	mode 1	Dungeons & Dragons - Knights & Dragons The Endless Quest
320	240	0	mode 0	Dungeons & Dragons - Rise Of Warduke
320	240	0	mode 0	Dungeons & Dragons - The Animated Series
320	240	0	mode 0	Dynamic Edge
320	240	0	mode 0	Dynasty Assassin
320	240	0	no video.txt	Ed Edd n Eddy - Nightmare on Ed Street
640	480	2	mode 2	Eerie Erratic Expedition
640	480	2	mode 2	Egi The Egg
320	240	0	mode 0	EightMan
320	240	0	no video.txt	Einbein - Einvines Weekday
320	240	0	mode 0	El Chapulin Colorado
320	240	0	no video.txt	Elfen Lied
480	272	1	mode 1	Escape From Cartoon Hell
640	480	2	mode 2	Escape From Guha
480	272	1	mode 1	Escape of the Ages
320	240	0	no video.txt	Eternal Champions - The Thin Strings of Fate
320	240	0	mode 0	Evil Dead 2
480	272	1	mode 1	Evil Dead
320	240	0	no video.txt	Evil Splatter
960	540	6	mode 6	Faderhead's Fist Full of Fuck You
480	272	1	mode 1	Fatal Fury Final
320	240	0	no video.txt	Fatal Fury ReBout
320	240	0	no video.txt	Fatal fury Rebout 2
320	240	0	no video.txt	Fearless Warriors, The
320	240	0	no video.txt	Fighters Rage 3 (Napalm Hack)
480	272	1	mode 1	Fighting Street
240	224	255	mode 255	Final Double Dragon
320	240	0	no video.txt	Final Fantasy 1
320	240	0	no video.txt	Final Fantasy 7 Advance
320	240	0	mode 0	Final Fight & Cadillacs 2
480	272	1	mode 1	Final Fight - Heroes
320	240	0	no video.txt	Final Fight - Last Round
480	360	255	mode 255	Final Fight - Revival of Rage
480	272	1	mode 1	Final Fight Alpha
320	240	0	mode 0	Final Fight And Cadillacs
320	240	0	no video.txt	Final Fight Apocalypse - 1st Edition
320	240	0	no video.txt	Final Fight Apocalypse - 2nd Edition
480	272	1	mode 1	Final Fight Boss
320	240	0	no video.txt	Final Fight DC Alteration
480	272	1	mode 1	Final Fight Gold Champion Edition
320	240	0	no video.txt	Final Fight Luta
320	240	0	mode 0	Final Fight PC - SNES Version
640	480	2	mode 2	Final Fight Special Edition
320	240	0	no video.txt	Final Fight Vs The King of Fighters
320	240	0	no video.txt	Final Rage Chaos
320	240	0	mode 0	Final fight X
320	240	0	no video.txt	Fire Emblem - Castle Defense
480	272	1	mode 1	Fire Hearts
640	480	2	mode 2	Fire Leaf Water
320	240	0	no video.txt	First Fight
480	272	1	mode 1	Fists of Legendary Heroes
640	480	2	mode 2	Fruits Frenzy
640	480	2	mode 2	Fruits Survivors
320	240	0	no video.txt	GG' Girls
480	272	1	mode 1	GI Joe - Attack On Cobra Island
480	272	1	mode 1	Garou - Rage of the Wolves
320	240	0	no video.txt	Ghouls 'N Ghosts Returns
320	240	0	no video.txt	Girls Special II, The
320	240	0	no video.txt	Girls Special III, The
320	240	0	no video.txt	Girls Special, The
640	480	2	mode 2	Go Bat
320	240	0	mode 0	God Of War - Ragnarok
480	272	1	mode 1	God of War
320	240	0	mode 0	Godzilla - Ultraman - Gamera! All Out Monster War!
320	240	0	mode 0	Golden Axe Curse of Death Adder
320	240	0	no video.txt	Golden Axe Genesis
480	272	1	mode 1	Golden Axe Legend
320	240	0	mode 0	Golden Axe Myth
320	240	0	no video.txt	Golden Axe Remake - Special Edition
480	272	1	mode 1	Golden Axe Returns
320	240	0	mode 0	Guardian Heroes Warpath
336	240	255	mode 255	Guardians of the Hood II
320	240	0	mode 0	Guardians of the Requiem - The Warriors of God
480	272	1	mode 1	Gudule - Fist in ya Face!
480	272	1	mode 1	Gudule
320	240	0	no video.txt	Guilty Gear - The Crusades
400	300	255	mode 255	Gunman
320	240	0	mode 0	Gunslingers Unison
320	240	0	mode 0	Gunstar Heroes Z
320	240	0	mode 0	Halloween - The Wrath of Michael Myers
640	480	2	mode 2	Happy Heart
320	240	0	no video.txt	Hatchet Ninjaz
960	480	255	mode 255	He-Man and the Masters of the Universe
320	240	0	mode 0	Head Hunters
320	240	0	no video.txt	Heaven's Anime Girls
320	240	0	mode 0	Hentai City
480	272	1	mode 1	Hiryu No Ken [Demo]
480	272	1	mode 1	Hokuto no Ken Fury Road
640	480	2	mode 2	Honeybee Harvest
320	240	0	no video.txt	Hulk vs. Streets of Rage
320	240	0	no video.txt	Hyper Final Fight 1
320	240	0	no video.txt	Hyper Final Fight 2
320	240	0	mode 0	Hyper Final Fight 3 - Return of the Black
480	272	1	mode 1	Ikari Warriors 2010 + Mutation Nation
640	480	2	mode 2	Immortal Monster
320	240	0	mode 0	Infinity Beat 'Em Up
320	240	0	mode 0	Jaspion
320	240	0	no video.txt	Joe and Mac - Caveman Ninja
320	240	0	mode 0	Joker
480	272	1	mode 1	Justice League Legacy
480	272	1	mode 1	Justice League United
320	240	0	no video.txt	Kill Bill - Volume 1
320	240	0	no video.txt	Kill Ryu 1
320	240	0	no video.txt	Kill Ryu 2
320	240	0	no video.txt	Kill Ryu Turbo
480	272	1	mode 1	King of Fighters Zillion, The  - Another Road
480	272	1	mode 1	King of Fighters, The - Beat 'Em Up Plus
320	240	0	no video.txt	Kingdom Hearts
320	240	0	no video.txt	Kirby Blast
320	240	0	no video.txt	Konpaku
800	480	4	mode 4	Kung Fu Masters and the Wrath of the Gods
320	240	0	mode 0	Kunio-Kun Renegade L A Remaster
320	240	0	no video.txt	Ladies of Rage
640	480	2	mode 2	Langit Lands
640	480	2	mode 2	Last Life
480	272	1	mode 1	Legend of Korr - Path of Destruction
256	224	255	mode 255	Legend of the Double Dragon
640	480	2	mode 2	Lift
320	240	0	no video.txt	Lunar
1600	900	255	mode 255	Lust Rush
480	272	1	mode 1	M@skaku, The - Wonder Momo '09
320	240	0	no video.txt	Maplevania
480	272	1	mode 1	Martial Masters - New Legend
480	272	1	mode 1	Marvel - Infinity War
480	272	1	mode 1	Marvel First Alliance 2
480	272	1	mode 1	Marvel First Alliance
320	240	0	mode 0	Marvel Super Heroes Infinity Adventure
320	240	0	no video.txt	Marvel Super Heroes
480	272	1	mode 1	Marvel War of the Gems
480	272	1	mode 1	Marvel vs Capcom
480	272	1	mode 1	Masters Of The Universe - Eternian Battle
320	240	0	mode 0	Masters of the Universe
320	240	0	mode 0	Maximun Carnage Returns
320	240	0	no video.txt	Mega Sonic
320	240	0	mode 0	Mega-Boy Into the Mega World
320	240	0	no video.txt	MegaMan - War of the Past
320	240	0	no video.txt	MegaMan - Xtreme Legend
320	240	0	mode 0	MegaMan Armada
320	240	0	no video.txt	Melty Blood Stimulate
320	240	0	mode 0	Memory Loss
320	240	0	mode 0	Metal Gear Origin
480	272	1	mode 1	Metal Slug Beat Em Up
320	240	0	mode 0	Mighty Final Fight 3
320	240	0	mode 0	Mighty Final Fight Forever
320	240	0	mode 0	Mighty Final Fight X
640	480	2	mode 2	Minetroid
320	240	0	no video.txt	Mobile Suit Zeta Gundam
960	540	6	mode 6	Monster Girl Dimensions
480	272	1	mode 1	Monster Jam [Demo]
480	272	1	mode 1	Mortal Kombat - The Chosen One
432	243	255	mode 255	Mortal Kombat Outworld Assassins
320	240	0	no video.txt	Mortal Kombat Unlimited
320	240	0	mode 0	Moscow RE-Action
320	240	0	no video.txt	Naruto
320	240	0	no video.txt	Nelsoncomica
320	240	0	mode 0	Neon Lightning Force
320	240	0	no video.txt	Never Ending Story
320	240	0	mode 0	Night Slashers X
640	480	2	mode 2	Nightmare on Elm Street - Dreams of Rage
480	272	1	mode 1	Ninja - Stealth Assassins
320	240	0	no video.txt	Ninja Jiraya
320	240	0	no video.txt	Ninja Warriors vs Marvel
480	272	1	mode 1	Ogres Mayhem
320	240	0	no video.txt	One Piece - Grand Line Bout
320	240	0	no video.txt	Overload
480	272	1	mode 1	POW 2010
320	240	0	mode 0	POW Remake
320	240	0	no video.txt	Pafman [Demo]
320	240	0	no video.txt	Panda Warriors
320	240	0	no video.txt	Pestilaence - The New Plague
640	480	2	mode 2	Pew Pew Dadu
320	240	0	no video.txt	Phantasy Star II + IV [Demo]
320	240	0	no video.txt	Phantasy Star Online
640	480	2	mode 2	Plump on the Stump
480	272	1	mode 1	Pocket Dimensional Clash 2
320	240	0	no video.txt	Pocket Ladies Gang War
320	240	0	mode 0	Pokemon - Red Blue Yellow
480	272	1	mode 1	Pokemon Rumble 2D
320	240	0	mode 0	Poppy Playtime Brawl [Demo]
320	240	0	no video.txt	Porkchop 'n Flatscreen
320	240	0	mode 0	Power Rangers - Beats of Power Special Edition
320	240	0	no video.txt	Pretty Soldier Sailor Moon - R Plus
320	240	0	mode 0	Project FGC
640	480	2	mode 2	Project Moon [Demo]
320	240	0	no video.txt	Project R
320	240	0	no video.txt	Punisher, The and Nick Fury
640	480	2	mode 2	Puzzle Puss
320	240	0	mode 0	Quack Ninja
320	240	0	no video.txt	Rael - The Redemption
480	272	1	mode 1	Rage Force Briga De Rua
320	240	0	no video.txt	Rage of the Streets
640	480	2	mode 2	Raider & Reaper
640	480	2	mode 2	Raiders Rush
640	480	2	mode 2	Rainbow
320	240	0	mode 0	Real Bout Pro Wrestling
320	240	0	mode 0	Recca Soldiers - Advance Wars
320	240	0	mode 0	Red Cyclone Zangief
480	272	1	mode 1	Red Earth
480	272	1	mode 1	Rescue Command - Against the Amazon Girls
480	272	1	mode 1	Rescue Command Ep. 1 - Escaping from Bad Girls Island
480	272	1	mode 1	Rescue Command Ep. 2 Attack on Amazon Island
480	272	1	mode 1	Resident Evil Survive
480	272	1	mode 1	Retro Gamer Adventure
320	240	0	no video.txt	Return of Double Dragon
320	240	0	no video.txt	Return of Kyo, The
320	240	0	no video.txt	Rhythm of Destruction 2 - Blue Edition
320	240	0	no video.txt	Rhythm of Destruction 2 - Green Edition
320	240	0	no video.txt	Rhythm of Destruction 2 - Red Edition
320	240	0	mode 0	River City Ransom Zero
640	480	2	mode 2	Robo Magi
640	480	2	mode 2	Robz Rush
320	240	0	no video.txt	Rocket Viper 2
320	240	0	no video.txt	Rocket Viper
640	360	255	mode 255	Rocko's Modern Life
320	240	0	no video.txt	Roy Streets
640	640	255	mode 255	Ruins of the Deep
320	240	0	mode 0	Rushing Beat
320	240	0	mode 0	Ryuko No Ken Nekketsu
480	272	1	mode 1	S.C.U. - Special Criminal Unit
320	240	0	mode 0	Sailor Moon - Alternate Story Return Of The Clones
320	240	0	mode 0	Sailor Moon Arcade
320	240	0	no video.txt	Sailor Moon
320	240	0	mode 0	Sailormoon Alternate Story Clone Attack
320	240	0	mode 0	Saint Seiya - Death & Rebirth
960	540	6	mode 6	Samurai Warriors
640	480	2	mode 2	Scorer Horror
320	240	0	no video.txt	Search for Athena, The
640	640	255	mode 255	Secrets of the Deep
480	272	1	mode 1	Sega Brawlers Megamix
320	240	0	mode 0	Shadows of Death
320	240	0	no video.txt	Shiva & Lisa 2
480	272	1	mode 1	Shiva & Lisa 3
320	240	0	no video.txt	Shiva & Lisa
320	240	0	no video.txt	Shock Troopers - The Living Daylights
320	240	0	no video.txt	Shodown Revenge
320	240	0	mode 0	Silver Night's Crusaders
480	272	1	mode 1	Simpsons, The - Treehouse of Horror
320	240	0	no video.txt	Skull Kingz Remake
640	480	2	mode 2	Snail N Turtle
480	272	1	mode 1	Snestalgia
480	272	1	mode 1	Sonic Adventure - Revolution
480	272	1	mode 1	Sonic Defense
320	240	0	mode 0	Sonic SatAM Liberations
480	272	1	mode 1	Sonic Super Jam
320	240	0	no video.txt	SonicX Battle
320	240	0	mode 0	Sonics Splatterhouse
320	240	0	mode 0	Soul Edge II
320	240	0	no video.txt	Spawn - The Crusade Across Time
320	240	0	mode 0	Special Squadron Cyberman
320	240	0	no video.txt	Splatterhouse - Back from the Dead
320	240	0	no video.txt	Splatterhouse - Deception of the Mask
320	240	0	mode 0	Splatterhouse - Eternal Nightmare
320	240	0	no video.txt	Splatterhouse 2 - Journey Through Hell
320	240	0	no video.txt	Splatterhouse 3 - Back to Light
320	240	0	no video.txt	Stains of Deception
640	480	2	mode 2	Steampunk Raiders
320	240	0	mode 0	Steins Gate D!
384	224	255	mode 255	Street Fighter '89 - The Final Fight [Demo]
320	240	0	no video.txt	Street Fighter - Beats of Rage Remix II
320	240	0	mode 0	Street Fighter II Champion Edition
320	240	0	mode 0	Street Fighter Legends
320	240	0	no video.txt	Street Fighter Rage World Olympic Tour
480	272	1	mode 1	Street Fighter Taiwan
320	240	0	mode 0	Street Fighter Ultimate Collection
320	240	0	no video.txt	Street Fighter Victory
480	272	1	mode 1	Street Fighter Vs. The King of Fighters
320	240	0	no video.txt	Street Fury
320	240	0	no video.txt	Street Knightz
320	240	0	mode 0	Streets Of Rage Z - Return Of The Hero
320	240	0	mode 0	Streets Of Russia
320	240	0	no video.txt	Streets of Fighting - Final Edition
320	240	0	no video.txt	Streets of Rage - Silent Hill
480	272	1	mode 1	Streets of Rage 2X
960	540	6	mode 6	Streets of Rage 4 - Silent Storm [Demo]
480	272	1	mode 1	Streets of Rage Furia Massiva
480	272	1	mode 1	Streets of Rage Legacy
480	272	1	mode 1	Streets of Rage X2 Megamix
320	240	0	mode 0	Streets of Rage XXX
320	240	0	mode 0	Streets of Rage Z 2
320	240	0	mode 0	Streets of Rage Zombies
480	272	1	mode 1	Streets of Vendetta - Cracoland War
320	240	0	no video.txt	Strider X
320	240	0	mode 0	Supah! Princess Defender
480	272	1	mode 1	Super Fightin' Spirit
480	272	1	mode 1	Super Final Fight Gold Plus LNS
480	272	1	mode 1	Super Final Fight Gold
320	240	0	mode 0	Super Karate Kid
480	272	1	mode 1	Super Mario Brawl
320	240	0	mode 0	Super Street Fighter II Turbo HD Remix
320	240	0	mode 0	Super Thundercats - The Lost Eye of Thundera
480	272	1	mode 1	Super Universe Brawl
480	272	1	mode 1	Symphonia Battalion - Well Fight Together
640	480	2	mode 2	Tabib
640	480	2	mode 2	Tanks Vs Tanks
320	240	0	no video.txt	Target Renegade [Demo]
320	240	0	no video.txt	Teenage Mutant Ninja Turtles - 8-Bit
240	200	255	mode 255	Teenage Mutant Ninja Turtles - Fall of the Foot Clan DX [Demo]
320	240	0	no video.txt	Teenage Mutant Ninja Turtles - Lost in Space
320	240	0	mode 0	Teenage Mutant Ninja Turtles - Recolored & Extended
320	240	0	mode 0	Teenage Mutant Ninja Turtles - Red Sky Battle
320	240	0	mode 0	Teenage Mutant Ninja Turtles - Rescue Palooza!
320	240	0	mode 0	Teenage Mutant Ninja Turtles - Shell Shocked
320	240	0	no video.txt	Teenage Mutant Ninja Turtles III The Manhattan Project
320	240	0	mode 0	Teenage Mutant Ninja Turtles and Battletoads
640	480	2	mode 2	Teenage Mutant Ninja Turtles
480	272	1	mode 1	Tekken - The Devils Rage
480	272	1	mode 1	The Beast Within - Divine Comedy
480	272	1	mode 1	The Suffering In Me [Beta Demo]
320	240	0	mode 0	Tides Before the Tragedy
320	240	0	no video.txt	Time Crisis - Side Scroller [Demo]
480	272	1	mode 1	Touhou Madness Wrath
480	272	1	mode 1	Touhou Shooter
320	240	0	mode 0	Turrican vs Terminator
256	224	255	mode 255	Ultimate Double Dragon
320	240	0	mode 0	Ultimate Super Mega Beatdown
320	240	0	no video.txt	Unnamed Project
720	480	3	mode 3	Urban Lockdown
320	240	0	mode 0	Valdivia City Ransom
320	240	0	mode 0	Vampire Hunters
320	240	0	no video.txt	Vampire Rage Hide
320	240	0	no video.txt	Vengeance of Kyo, The
480	272	1	mode 1	Vermilion Sword - The Legend Of Calibur
320	240	0	no video.txt	Village of Rage
320	240	0	no video.txt	Warrior Frenzy
320	240	0	mode 0	Warslayers - Land of Sinners
640	480	2	mode 2	Way of Martial Arts
320	240	0	mode 0	Women's War
320	240	0	mode 0	World Heroes Supreme Justice Extra
320	240	0	mode 0	X-Men - Guerra dos Clones
480	272	1	mode 1	X-Men Hunter for Mutants
320	240	0	no video.txt	X-Men Vs. Street Fighter
320	240	0	no video.txt	X-Men
500	650	255	mode 255	Xelam
480	272	1	mode 1	XuanYuan Sword
320	240	0	mode 0	Yu Yu Hakusho Dark Tournament
320	240	0	mode 0	Yu-Gi-Oh! - Duels Alive
